2016-12-06,48.259997999999996,48.259997999999996,48.259997999999996,48.259997999999996,46.087917,100
2016-12-07,48.259997999999996,48.259997999999996,48.259997999999996,48.259997999999996,46.087917,0
2016-12-08,48.259997999999996,48.259997999999996,48.259997999999996,48.259997999999996,46.087917,0
2016-12-09,48.259997999999996,48.259997999999996,48.259997999999996,48.259997999999996,46.087917,0
2016-12-12,48.259997999999996,48.259997999999996,48.259997999999996,48.259997999999996,46.087917,0
2016-12-13,49.669998,49.669998,49.669998,49.669998,47.434452,200
2016-12-14,49.669998,49.669998,49.669998,49.669998,47.434452,0
2016-12-15,49.669998,49.669998,49.669998,49.669998,47.434452,0
2016-12-16,49.669998,49.669998,49.669998,49.669998,47.434452,0
2016-12-19,49.669998,49.669998,49.669998,49.669998,47.434452,0
2016-12-20,49.669998,49.669998,49.669998,49.669998,47.434452,0
2016-12-21,49.669998,49.669998,49.669998,49.669998,47.434452,0
2016-12-22,49.669998,49.669998,49.669998,49.669998,47.434452,0
2016-12-23,49.630001,49.630001,49.310001,49.310001,47.09066,300
2016-12-27,49.310001,49.310001,49.310001,49.310001,47.09066,0
2016-12-28,49.310001,49.310001,49.310001,49.310001,47.09066,0
2016-12-29,49.09,49.139998999999996,49.09,49.125999,46.914947999999995,4500
2016-12-30,49.125999,49.125999,49.125999,49.125999,46.914947999999995,0
2017-01-03,49.125999,49.125999,49.125999,49.125999,46.914947999999995,0
2017-01-04,49.125999,49.125999,49.125999,49.125999,46.914947999999995,100
2017-01-05,49.125999,49.125999,49.125999,49.125999,46.914947999999995,0
2017-01-06,49.860001000000004,49.860001000000004,49.860001000000004,49.860001000000004,47.615906,300
2017-01-09,49.650002,49.73,49.639998999999996,49.669998,47.434452,1000
2017-01-10,49.580002,49.75,49.580002,49.75,47.51086,200
2017-01-11,49.75,49.75,49.75,49.75,47.51086,0
2017-01-12,49.75,49.75,49.75,49.75,47.51086,0
2017-01-13,49.75,49.75,49.75,49.75,47.51086,0
2017-01-17,49.560001,49.560001,49.560001,49.560001,47.329414,200
2017-01-18,49.560001,49.560001,49.560001,49.560001,47.329414,200
2017-01-19,49.560001,49.560001,49.560001,49.560001,47.329414,0
2017-01-20,49.560001,49.560001,49.560001,49.560001,47.329414,0
2017-01-23,49.560001,49.560001,49.560001,49.560001,47.329414,0
2017-01-24,49.740002000000004,49.91,49.709,49.91,47.663651,3800
2017-01-25,49.91,49.91,49.91,49.91,47.663651,0
2017-01-26,49.91,49.91,49.91,49.91,47.663651,0
2017-01-27,50.139998999999996,50.139998999999996,50.139998999999996,50.139998999999996,47.883308,400
2017-01-30,50.139998999999996,50.139998999999996,50.139998999999996,50.139998999999996,47.883308,0
2017-01-31,50.139998999999996,50.139998999999996,50.139998999999996,50.139998999999996,47.883308,0
2017-02-01,50.139998999999996,50.139998999999996,50.139998999999996,50.139998999999996,47.883308,0
2017-02-02,50.139998999999996,50.139998999999996,50.139998999999996,50.139998999999996,47.883308,0
2017-02-03,50.139998999999996,50.139998999999996,50.139998999999996,50.139998999999996,47.883308,0
2017-02-06,50.139998999999996,50.139998999999996,50.139998999999996,50.139998999999996,47.883308,0
2017-02-07,50.259997999999996,50.259997999999996,50.25,50.25,47.988354,1700
2017-02-08,50.25,50.25,50.25,50.25,47.988354,0
2017-02-09,50.25,50.25,50.25,50.25,47.988354,0
2017-02-10,50.889998999999996,50.889998999999996,50.5,50.5,48.227097,2000
2017-02-13,50.5,50.5,50.5,50.5,48.227097,0
2017-02-14,50.5,50.5,50.5,50.5,48.227097,0
2017-02-15,50.5,50.5,50.5,50.5,48.227097,0
2017-02-16,50.5,50.5,50.5,50.5,48.227097,0
2017-02-17,50.5,50.5,50.5,50.5,48.227097,0
2017-02-21,50.5,50.5,50.5,50.5,48.227097,0
2017-02-22,50.5,50.5,50.5,50.5,48.227097,0
2017-02-23,50.5,50.5,50.5,50.5,48.227097,0
2017-02-24,50.5,50.5,50.5,50.5,48.227097,0
2017-02-27,51.509997999999996,51.779999,51.509997999999996,51.779999,49.449496999999994,900
2017-02-28,51.779999,51.779999,51.779999,51.779999,49.449496999999994,0
2017-03-01,51.779999,51.779999,51.779999,51.779999,49.449496999999994,0
2017-03-02,51.779999,51.779999,51.779999,51.779999,49.449496999999994,7500
2017-03-03,51.779999,51.779999,51.779999,51.779999,49.449496999999994,0
2017-03-06,51.779999,51.779999,51.779999,51.779999,49.449496999999994,0
2017-03-07,51.779999,51.779999,51.779999,51.779999,49.449496999999994,0
2017-03-08,51.900002,51.900002,51.900002,51.900002,49.564091,200
2017-03-09,51.849998,51.849998,51.849998,51.849998,49.516331,400
2017-03-10,51.849998,51.849998,51.849998,51.849998,49.516331,0
2017-03-13,51.849998,51.849998,51.849998,51.849998,49.516331,0
2017-03-14,51.869999,51.869999,51.869999,51.869999,49.535435,300
2017-03-15,51.869999,51.869999,51.869999,51.869999,49.535435,0
2017-03-16,51.869999,51.869999,51.869999,51.869999,49.535435,0
2017-03-17,51.869999,51.869999,51.869999,51.869999,49.535435,0
2017-03-20,51.869999,51.869999,51.869999,51.869999,49.535435,5000
2017-03-21,51.599998,51.639998999999996,51.57,51.57,49.248943,2300
2017-03-22,51.57,51.57,51.57,51.57,49.248943,0
2017-03-23,51.790001000000004,51.790001000000004,51.790001000000004,51.790001000000004,49.459042,300
2017-03-24,51.790001000000004,51.790001000000004,51.790001000000004,51.790001000000004,49.767502,0
2017-03-27,51.790001000000004,51.790001000000004,51.790001000000004,51.790001000000004,49.767502,0
2017-03-28,51.790001000000004,51.790001000000004,51.790001000000004,51.790001000000004,49.767502,0
2017-03-29,51.790001000000004,51.790001000000004,51.790001000000004,51.790001000000004,49.767502,0
2017-03-30,51.709998999999996,51.709998999999996,51.709998999999996,51.709998999999996,49.690632,200
2017-03-31,51.709998999999996,51.709998999999996,51.709998999999996,51.709998999999996,49.690632,0
2017-04-03,51.57,51.57,51.57,51.57,49.556095,100
2017-04-04,51.57,51.57,51.57,51.57,49.556095,0
2017-04-05,51.57,51.57,51.57,51.57,49.556095,0
2017-04-06,51.619999,51.619999,51.598,51.598,49.583,500
2017-04-07,51.598,51.598,51.598,51.598,49.583,0
2017-04-10,51.598,51.598,51.598,51.598,49.583,0
2017-04-11,51.598,51.598,51.598,51.598,49.583,0
2017-04-12,51.598,51.598,51.598,51.598,49.583,0
2017-04-13,51.299999,51.299999,51.299999,51.299999,49.296634999999995,200
2017-04-17,51.299999,51.299999,51.299999,51.299999,49.296634999999995,0
2017-04-18,51.299999,51.299999,51.299999,51.299999,49.296634999999995,0
2017-04-19,51.299999,51.299999,51.299999,51.299999,49.296634999999995,0
2017-04-20,51.299999,51.299999,51.299999,51.299999,49.296634999999995,0
2017-04-21,51.299999,51.299999,51.299999,51.299999,49.296634999999995,0
2017-04-24,51.299999,51.299999,51.299999,51.299999,49.296634999999995,0
2017-04-25,52.234001,52.234001,52.234001,52.234001,50.194168,200
2017-04-26,52.234001,52.234001,52.234001,52.234001,50.194168,0
2017-04-27,52.234001,52.234001,52.234001,52.234001,50.194168,0
2017-04-28,52.234001,52.234001,52.234001,52.234001,50.194168,0
2017-05-01,52.234001,52.234001,52.234001,52.234001,50.194168,0
2017-05-02,52.32,52.32,52.32,52.32,50.276802,300
2017-05-03,52.32,52.32,52.32,52.32,50.276802,0
2017-05-04,52.32,52.32,52.32,52.32,50.276802,0
2017-05-05,52.32,52.32,52.32,52.32,50.276802,0
2017-05-08,52.540001000000004,52.540001000000004,52.540001000000004,52.540001000000004,50.488224,1000
2017-05-09,52.540001000000004,52.540001000000004,52.540001000000004,52.540001000000004,50.488224,0
2017-05-10,52.540001000000004,52.540001000000004,52.540001000000004,52.540001000000004,50.488224,0
2017-05-11,52.310001,52.43,52.310001,52.43,50.382504,300
2017-05-12,52.43,52.43,52.43,52.43,50.382504,0
2017-05-15,52.605999,52.605999,52.605999,52.605999,50.551636,1000
2017-05-16,52.605999,52.605999,52.605999,52.605999,50.551636,0
2017-05-17,52.25,52.25,52.240002000000004,52.240002000000004,50.199923999999996,4400
2017-05-18,52.240002000000004,52.240002000000004,52.240002000000004,52.240002000000004,50.199923999999996,0
2017-05-19,52.240002000000004,52.240002000000004,52.240002000000004,52.240002000000004,50.199923999999996,0
2017-05-22,52.34,52.419998,52.34,52.419998,50.372902,400
2017-05-23,52.419998,52.419998,52.419998,52.419998,50.372902,10100
2017-05-24,52.577,52.68,52.577,52.68,50.622746,2100
2017-05-25,52.68,52.68,52.68,52.68,50.622746,0
2017-05-26,52.990002000000004,52.990002000000004,52.962002000000005,52.98,50.911037,1600
2017-05-30,52.98,52.98,52.98,52.98,50.911037,0
2017-05-31,52.98,52.98,52.98,52.98,50.911037,0
2017-06-01,52.98,52.98,52.98,52.98,50.911037,0
2017-06-02,53.5,53.5,53.5,53.5,51.410728000000006,200
2017-06-05,53.529999,53.529999,53.465,53.509997999999996,51.420338,600
2017-06-06,53.509997999999996,53.509997999999996,53.509997999999996,53.509997999999996,51.420338,0
2017-06-07,53.509997999999996,53.509997999999996,53.509997999999996,53.509997999999996,51.420338,0
2017-06-08,53.347,53.347,53.347,53.347,51.263702,400
2017-06-09,53.347,53.347,53.347,53.347,51.263702,0
2017-06-12,53.347,53.347,53.347,53.347,51.263702,0
2017-06-13,53.560001,53.560001,53.526001,53.535,51.444359000000006,1000
2017-06-14,53.535,53.535,53.535,53.535,51.444359000000006,0
2017-06-15,53.290001000000004,53.303001,53.290001000000004,53.303001,51.221424,200
2017-06-16,53.380001,53.400002,53.248001,53.369999,51.285801,17700
2017-06-19,53.369999,53.369999,53.369999,53.369999,51.285801,17300
2017-06-20,53.689999,53.689999,53.689999,53.689999,51.593303999999996,300
2017-06-21,53.689999,53.689999,53.689999,53.689999,51.593303999999996,0
2017-06-22,53.689999,53.689999,53.689999,53.689999,51.593303999999996,0
2017-06-23,53.466999,53.59,53.466999,53.59,51.497211,400
2017-06-26,53.59,53.59,53.59,53.59,51.497211,0
2017-06-27,53.349998,53.349998,53.025002,53.025002,51.188297,600
2017-06-28,53.025002,53.025002,53.025002,53.025002,51.188297,0
2017-06-29,53.025002,53.025002,53.025002,53.025002,51.188297,0
2017-06-30,53.060001,53.169998,53.060001,53.169998,51.328266,600
2017-07-03,53.169998,53.169998,53.169998,53.169998,51.328266,0
2017-07-05,53.169998,53.169998,53.169998,53.169998,51.328266,0
2017-07-06,52.874001,52.900002,52.860001000000004,52.900002,51.067627,800
2017-07-07,52.900002,52.900002,52.900002,52.900002,51.067627,0
2017-07-10,52.900002,52.900002,52.900002,52.900002,51.067627,0
2017-07-11,53.099998,53.099998,53.099998,53.099998,51.260696,400
2017-07-12,53.099998,53.099998,53.099998,53.099998,51.260696,0
2017-07-13,53.099998,53.099998,53.099998,53.099998,51.260696,0
2017-07-14,53.099998,53.099998,53.099998,53.099998,51.260696,0
2017-07-17,53.099998,53.099998,53.099998,53.099998,51.260696,0
2017-07-18,53.779999,53.814999,53.709998999999996,53.814999,51.950924,1200
2017-07-19,53.814999,53.814999,53.814999,53.814999,51.950924,0
2017-07-20,53.814999,53.814999,53.814999,53.814999,51.950924,0
2017-07-21,53.814999,53.814999,53.814999,53.814999,51.950924,0
2017-07-24,53.814999,53.814999,53.814999,53.814999,51.950924,0
2017-07-25,53.814999,53.814999,53.814999,53.814999,51.950924,0
2017-07-26,54.205002,54.219002,54.205002,54.219002,52.340946,600
2017-07-27,54.241001000000004,54.241001000000004,54.241001000000004,54.241001000000004,52.362175,100
2017-07-28,54.241001000000004,54.241001000000004,54.241001000000004,54.241001000000004,52.362175,0
2017-07-31,54.111,54.111,54.111,54.111,52.236683,500
2017-08-01,54.111,54.111,54.111,54.111,52.236683,100
2017-08-02,53.98,53.98,53.98,53.98,52.110209999999995,3000
2017-08-03,53.959998999999996,54.040001000000004,53.959998999999996,54.009997999999996,52.139171999999995,17700
2017-08-04,54.009997999999996,54.009997999999996,54.009997999999996,54.009997999999996,52.139171999999995,0
2017-08-07,54.009997999999996,54.009997999999996,54.009997999999996,54.009997999999996,52.139171999999995,0
2017-08-08,54.310001,54.310001,54.310001,54.310001,52.428791,1200
2017-08-09,54.310001,54.310001,54.310001,54.310001,52.428791,0
2017-08-10,54.310001,54.310001,54.310001,54.310001,52.428791,0
2017-08-11,53.41,53.41,53.41,53.41,51.559963,100
2017-08-14,53.98,54.02,53.709998999999996,53.990002000000004,52.119873,1600
2017-08-15,53.990002000000004,53.990002000000004,53.990002000000004,53.990002000000004,52.119873,0
2017-08-16,54.0,54.0,54.0,54.0,52.129523999999996,300
2017-08-17,54.0,54.0,54.0,54.0,52.129523999999996,0
2017-08-18,54.0,54.0,54.0,54.0,52.129523999999996,0
2017-08-21,54.0,54.0,54.0,54.0,52.129523999999996,5100
2017-08-22,54.0,54.0,54.0,54.0,52.129523999999996,0
2017-08-23,53.540001000000004,53.57,53.540001000000004,53.57,51.714413,300
2017-08-24,53.523998,53.599998,53.523998,53.599998,51.743373999999996,179700
2017-08-25,53.700001,53.700001,53.580002,53.619999,51.762695,4200
2017-08-28,53.5,53.5,53.5,53.5,51.646846999999994,200
2017-08-29,53.5,53.5,53.5,53.5,51.646846999999994,0
2017-08-30,53.869999,53.91,53.869999,53.91,52.042640999999996,1400
2017-08-31,54.049999,54.18,54.049999,54.18,52.303288,1000
2017-09-01,54.339001,54.34,54.299,54.299,52.418163,700
2017-09-05,54.299,54.299,54.299,54.299,52.418163,0
2017-09-06,54.299,54.299,54.299,54.299,52.418163,0
2017-09-07,54.022999,54.022999,54.022999,54.022999,52.151718,100
2017-09-08,54.02,54.02,54.02,54.02,52.148834,200
2017-09-11,54.41,54.560001,54.41,54.540001000000004,52.65081800000001,2200
2017-09-12,54.740002000000004,54.740002000000004,54.740002000000004,54.740002000000004,52.843894999999996,200
2017-09-13,54.759997999999996,54.759997999999996,54.759997999999996,54.759997999999996,52.86319,100
2017-09-14,54.669998,54.669998,54.619999,54.630001,52.737705000000005,9200
2017-09-15,54.775002,54.775002,54.775002,54.775002,52.877686,100
2017-09-18,54.775002,54.775002,54.775002,54.775002,52.877686,0
2017-09-19,54.775002,54.775002,54.775002,54.775002,52.877686,0
2017-09-20,54.935001,54.935001,54.84,54.84,52.940426,1700
2017-09-21,54.84,54.84,54.84,54.84,52.940426,0
2017-09-22,54.84,54.84,54.84,54.84,52.940426,0
2017-09-25,54.830002,54.830002,54.830002,54.830002,52.930775,200
2017-09-26,54.580002,54.583,54.57,54.583,52.870716,600
2017-09-27,54.519001,54.740002000000004,54.5,54.73,53.013107,1000
2017-09-28,54.695,54.779999,54.695,54.779999,53.061535,600
2017-09-29,54.779999,54.779999,54.779999,54.779999,53.061535,0
2017-10-02,54.779999,54.779999,54.779999,54.779999,53.061535,0
2017-10-03,55.27,55.27,55.27,55.27,53.536167000000006,100
2017-10-04,55.32,55.41,55.285999,55.285999,53.551658999999994,1900
2017-10-05,55.465,55.669998,55.465,55.669998,53.923615000000005,7200
2017-10-06,55.610001000000004,55.648998,55.610001000000004,55.619999,53.87518299999999,600
2017-10-09,55.720001,55.720001,55.509997999999996,55.509997999999996,53.768634999999996,1100
2017-10-10,55.509997999999996,55.509997999999996,55.509997999999996,55.509997999999996,53.768634999999996,0
2017-10-11,55.709998999999996,55.709998999999996,55.709998999999996,55.709998999999996,53.962357,200
2017-10-12,55.77,55.799999,55.720001,55.720001,53.972042,1400
2017-10-13,55.900002,55.900002,55.860001000000004,55.869999,54.117340000000006,1000
2017-10-16,55.890999,55.890999,55.860001000000004,55.860001000000004,54.107655,1600
2017-10-17,56.02,56.02,55.880001,55.901001,54.147362,1000
2017-10-18,56.030998,56.067001,56.029999,56.067001,54.308163,400
2017-10-19,55.98,56.080002,55.944,56.070999,54.312038,800
2017-10-20,56.070999,56.070999,56.070999,56.070999,54.312038,0
2017-10-23,56.439999,56.439999,56.123001,56.123001,54.362404000000005,800
2017-10-24,56.380001,56.380001,56.258998999999996,56.258998999999996,54.494141000000006,1300
2017-10-25,56.094002,56.094002,55.860001000000004,55.860001000000004,54.107655,3600
2017-10-26,56.119999,56.169998,56.119999,56.169998,54.407931999999995,31100
2017-10-27,56.539001,56.619999,56.529999,56.57,54.79538,23600
2017-10-30,56.560001,56.560001,56.325001,56.330002,54.562912,6000
2017-10-31,56.330002,56.330002,56.330002,56.330002,54.562912,0
2017-11-01,56.560001,56.560001,56.540001000000004,56.540001000000004,54.766318999999996,800
2017-11-02,56.349998,56.59,56.349998,56.59,54.814758,24500
2017-11-03,56.700001,56.740002000000004,56.529999,56.740002000000004,54.96005600000001,4500
2017-11-06,56.740002000000004,56.82,56.740002000000004,56.778999,54.997829,3200
2017-11-07,56.801998,56.801998,56.632999,56.720001,54.940674,9900
2017-11-08,56.790001000000004,56.869999,56.761002000000005,56.869999,55.08596800000001,13900
2017-11-09,56.400002,56.599998,56.400002,56.599998,54.82444,4100
2017-11-10,56.459998999999996,56.59,56.459998999999996,56.59,54.814758,2900
2017-11-13,56.560001,56.610001000000004,56.514,56.540001000000004,54.766318999999996,5300
2017-11-14,56.319,56.499001,56.319,56.459,54.68786600000001,2900
2017-11-15,56.254002,56.339001,56.254002,56.258998999999996,54.494141000000006,1000
2017-11-16,56.700001,56.709,56.625,56.669998,54.89224599999999,1900
2017-11-17,56.549999,56.584998999999996,56.442001,56.509997999999996,54.737258999999995,3100
2017-11-20,56.66,56.66,56.509997999999996,56.549999,54.776005000000005,8600
2017-11-21,56.790001000000004,56.91,56.75,56.900002,55.11503199999999,5400
2017-11-22,56.900002,56.900002,56.834998999999996,56.898998,55.114059,1900
2017-11-24,56.895,57.0,56.881001,57.0,55.211895,3400
2017-11-27,57.019001,57.019001,57.015999,57.015999,55.22739,700
2017-11-28,57.48,57.48,57.48,57.48,55.676834,400
2017-11-29,57.639998999999996,57.639998999999996,57.450001,57.509997999999996,55.705893999999994,5700
2017-11-30,57.855,58.139998999999996,57.855,58.008998999999996,56.189240000000005,700
2017-12-01,58.0,58.0,57.48,57.779999,55.96743000000001,1800
2017-12-04,58.259997999999996,58.259997999999996,57.91,57.939999,56.122402,1300
2017-12-05,57.950001,57.950001,57.694,57.694,55.884117,4300
2017-12-06,57.694,57.694,57.694,57.694,55.884117,0
2017-12-07,57.48,57.73,57.400002,57.639998999999996,55.831814,3400
2017-12-08,57.889998999999996,57.889998999999996,57.889998999999996,57.889998999999996,56.073975,600
2017-12-11,57.946999,58.110001000000004,57.946999,58.099998,56.277381999999996,9000
2017-12-12,58.189999,58.200001,58.171001000000004,58.200001,56.374249,2900
2017-12-13,58.34,58.360001000000004,58.290001000000004,58.34,56.509857,2000
2017-12-14,58.23,58.23,58.040001000000004,58.040001000000004,56.219273,1200
2017-12-15,58.560001,58.560001,58.549999,58.549999,56.71326800000001,4600
2017-12-18,58.869999,58.869999,58.764998999999996,58.764998999999996,56.921524,2000
2017-12-19,58.380001,58.380001,58.27,58.279999,56.751114,1600
2017-12-20,58.599998,58.599998,58.220001,58.299,56.769615,1900
2017-12-21,58.389998999999996,58.485001000000004,58.389998999999996,58.459998999999996,56.92639499999999,1600
2017-12-22,58.490002000000004,58.490002000000004,58.330002,58.330002,56.799805000000006,500
2017-12-26,58.259997999999996,58.278999,58.25,58.278999,56.750137,4600
2017-12-27,58.279999,58.279999,58.279999,58.279999,56.751114,400
2017-12-28,58.360001000000004,58.360001000000004,58.360001000000004,58.360001000000004,56.829021,800
2017-12-29,58.369999,58.369999,58.328998999999996,58.330002,56.799805000000006,4100
2018-01-02,58.34,58.48,58.34,58.459998999999996,56.92639499999999,1100
2018-01-03,58.794998,58.959998999999996,58.794998,58.959998999999996,57.413277,1800
2018-01-04,59.244999,59.27,59.215,59.27,57.715149,1000
2018-01-05,59.529999,59.540001000000004,59.376999,59.540001000000004,57.978058,7300
2018-01-08,59.700001,59.759997999999996,59.585999,59.723,58.156254000000004,9000
2018-01-09,59.669998,60.009997999999996,59.669998,60.009997999999996,58.43573000000001,1500
2018-01-10,59.599998,59.599998,59.560001,59.560001,57.99754300000001,600
2018-01-11,59.902,59.902,59.902,59.902,58.330566000000005,400
2018-01-12,60.389998999999996,60.540001000000004,60.389998999999996,60.540001000000004,58.951831999999996,600
2018-01-16,60.650002,60.650002,60.476002,60.476002,58.889511,500
2018-01-17,60.908001,61.035,60.908001,61.035,59.433842000000006,10400
2018-01-18,60.790001000000004,61.009997999999996,60.790001000000004,61.009997999999996,59.40949200000001,1500
2018-01-19,61.02,61.029999,61.012001,61.012001,59.411446,900
2018-01-22,61.369999,61.540001000000004,61.330002,61.540001000000004,59.925598,2300
2018-01-23,61.869999,61.880001,61.748001,61.77,60.149563,7400
2018-01-24,61.750999,61.860001000000004,61.66,61.799999,60.178771999999995,1400
2018-01-25,62.139998999999996,62.139998999999996,61.799999,61.799999,60.178771999999995,700
2018-01-26,62.290001000000004,62.57,62.290001000000004,62.540001000000004,60.899368,3100
2018-01-29,62.369999,62.41,62.352001,62.41,60.772774,1300
2018-01-30,61.900002,61.900002,61.57,61.57,59.954806999999995,8600
2018-01-31,61.650002,61.650002,61.618999,61.650002,60.03271899999999,1500
2018-02-01,61.424999,61.715,61.424999,61.560001,59.945068000000006,1800
2018-02-02,60.959998999999996,60.959998999999996,60.224998,60.224998,58.645092000000005,600
2018-02-05,59.900002,60.139998999999996,58.0,58.0,56.478457999999996,1700
2018-02-06,58.259997999999996,58.259997999999996,57.747002,57.747002,56.232098,489500
2018-02-07,58.73,59.069,58.73,59.069,57.519413,400
2018-02-08,58.669998,58.669998,57.439999,57.439999,55.933151,1500
2018-02-09,57.035,57.035,55.549999,56.669998,55.18335,3400
2018-02-12,57.689999,58.25,57.5,58.25,56.72190500000001,4700
2018-02-13,57.57,58.119999,57.57,58.095001,56.570972,1400
2018-02-14,57.779999,58.939999,57.779999,58.939999,57.393799,24500
2018-02-15,59.237999,59.429001,59.237999,59.429001,57.869976,600
2018-02-16,59.299999,60.0,59.299999,59.645,58.080311,2000
2018-02-20,59.479,59.91,59.445,59.599998,58.036483999999994,6200
2018-02-21,59.630001,59.98,59.630001,59.98,58.406521,2900
2018-02-22,61.009997999999996,61.009997999999996,59.209998999999996,59.209998999999996,57.656718999999995,4700
2018-02-23,59.509997999999996,59.540001000000004,59.509997999999996,59.522999,57.96150600000001,1400
2018-02-26,60.130001,60.43,60.130001,60.419998,58.834976,7900
2018-02-27,60.741001000000004,60.860001000000004,60.09,60.09,58.513633999999996,2100
2018-02-28,60.299999,60.299999,59.470001,59.470001,57.909896999999994,5400
2018-03-01,59.48,59.48,58.248001,58.57,57.033508,5500
2018-03-02,58.049999,58.619999,58.049999,58.619999,57.082195,19400
2018-03-05,58.799999,59.57,58.799999,59.57,58.007275,1000
2018-03-06,59.575001,59.740002000000004,59.384997999999996,59.650002,58.085175,2600
2018-03-07,59.470001,59.709998999999996,59.145,59.709998999999996,58.143597,8700
2018-03-08,60.029999,60.029999,59.77,59.900002,58.328613,3200
2018-03-09,60.334998999999996,60.965,60.290001000000004,60.965,59.365681,8200
2018-03-12,60.985001000000004,61.029999,60.965,61.029999,59.428978,9400
2018-03-13,61.200001,61.200001,60.557999,60.557999,58.969353000000005,7800
2018-03-14,60.759997999999996,60.759997999999996,60.189999,60.25,58.669437,22400
2018-03-15,60.279999,60.450001,60.126999,60.27,58.688915,3900
2018-03-16,60.368999,60.470001,60.328998999999996,60.470001,58.883663,3600
2018-03-19,60.209998999999996,60.209998999999996,59.369999,59.439999,57.880688,11900
2018-03-20,59.558997999999995,59.630001,59.528999,59.599998,58.036483999999994,2600
2018-03-21,59.830002,59.830002,59.709998999999996,59.709998999999996,58.143597,5400
2018-03-22,58.82,58.82,58.77,58.77,57.402264,4100
2018-03-23,58.16,58.16,56.631001,56.682999,55.363831000000005,27200
2018-03-26,57.349998,58.139998999999996,57.299999,58.080002,56.728329,3100
2018-03-27,58.419998,58.419998,57.119999,57.119999,55.790665000000004,6700
2018-03-28,56.738997999999995,57.25,56.722,57.040001000000004,55.712524,2600
2018-03-29,57.299999,57.880001,57.07,57.791,56.446049,7900
2018-04-02,56.5,56.560001,56.029999,56.41,55.097191,5700
2018-04-03,56.639998999999996,57.004002,56.360001000000004,57.004002,55.677364000000004,3200
2018-04-04,56.758998999999996,57.830002,56.758998999999996,57.830002,56.484145999999996,1300
2018-04-05,58.082001,58.082001,58.082001,58.082001,56.730278000000006,200
2018-04-06,58.060001,58.060001,56.669998,56.700001,55.380444,8500
2018-04-09,57.299999,57.900002,57.060001,57.060001,55.732067,5100
2018-04-10,57.880001,58.209998999999996,57.740002000000004,58.110001000000004,56.757629,3700
2018-04-11,57.759997999999996,58.07,57.759997999999996,57.84,56.493908,10700
2018-04-12,58.279999,58.450001,58.279999,58.41,57.05064399999999,2800
2018-04-13,58.75,58.75,58.080002,58.290001000000004,56.933437,3100
2018-04-16,58.720001,58.828998999999996,58.610001000000004,58.669998,57.304588,3200
2018-04-17,59.132999,59.299999,59.132999,59.299999,57.91993000000001,14300
2018-04-18,59.48,59.48,59.450001,59.450001,58.066441000000005,600
2018-04-19,59.200001,59.200001,58.84,58.950001,57.578079,2300
2018-04-20,58.990002000000004,58.990002000000004,58.424999,58.425999,57.066272999999995,2600
2018-04-23,58.66,58.66,58.459998999999996,58.459998999999996,57.099483,3500
2018-04-24,58.939999,58.939999,57.509997999999996,57.529999,56.191124,18500
2018-04-25,57.529999,57.787997999999995,57.529999,57.787997999999995,56.443123,500
2018-04-26,58.189999,58.610001000000004,58.189999,58.57,57.206920999999994,20700
2018-04-27,58.700001,58.700001,58.403999,58.403999,57.044785,2000
2018-04-30,58.403999,58.403999,58.403999,58.403999,57.044785,0
2018-05-01,58.403999,58.403999,58.403999,58.403999,57.044785,0
2018-05-02,58.09,58.09,58.037997999999995,58.060001,56.70879,3900
2018-05-03,57.549999,57.740002000000004,56.951,57.57,56.23019,42000
2018-05-04,58.049999,58.400002,58.040001000000004,58.400002,57.040874,3000
2018-05-07,58.589001,58.689999,58.528999,58.667,57.301658999999994,17400
2018-05-08,58.469002,58.490002000000004,58.290001000000004,58.470001,57.109249,32500
2018-05-09,58.810001,59.130001,58.625,59.029999,57.656212,80200
2018-05-10,59.360001000000004,59.700001,59.360001000000004,59.629002,58.24128,4900
2018-05-11,59.759997999999996,59.830002,59.625,59.709998999999996,58.320384999999995,14400
2018-05-14,60.005001,60.005001,59.709,59.709,58.319405,4200
2018-05-15,59.330002,59.389998999999996,59.243999,59.257999,57.87890600000001,13500
2018-05-16,59.400002,59.630001,59.400002,59.509997999999996,58.125046,3500
2018-05-17,59.5,59.709998999999996,59.369999,59.369999,57.988296999999996,1100
2018-05-18,59.540001000000004,59.540001000000004,59.304001,59.41,58.02737,6800
2018-05-21,59.82,59.889998999999996,59.715,59.742001,58.351643,1800
2018-05-22,59.970001,59.970001,59.84,59.919998,58.525505,1600
2018-05-23,59.380001,59.810001,59.348999,59.810001,58.418068000000005,1200
2018-05-24,59.484001,59.75,59.484001,59.75,58.359458999999994,2000
2018-05-25,59.66,59.669998,59.509997999999996,59.59,58.203182,2500
2018-05-29,59.279999,59.279999,58.667,58.82,57.451099,4100
2018-05-30,59.349998,59.799999,59.298,59.700001,58.310618999999996,17200
2018-05-31,59.509997999999996,59.509997999999996,59.32,59.330002,57.949242000000005,900
2018-06-01,59.779999,59.970001,59.779999,59.900002,58.505962,1800
2018-06-04,59.970001,60.23,59.970001,60.23,58.828285,2700
2018-06-05,60.195,60.259997999999996,60.195,60.25,58.847823999999996,6900
2018-06-06,60.389998999999996,60.689999,60.285,60.689999,59.277584,103600
2018-06-07,60.619999,60.722,60.544998,60.720001,59.306889,16000
2018-06-08,60.610001000000004,60.91,60.610001000000004,60.91,59.492461999999996,7500
2018-06-11,60.810001,61.150002,60.810001,61.110001000000004,59.687808999999994,9800
2018-06-12,61.080002,61.119999,60.970001,61.040001000000004,59.619434,1200
2018-06-13,61.02,61.18,60.974998,61.040001000000004,59.619434,2300
2018-06-14,61.068001,61.068001,61.02,61.060001,59.638973,800
2018-06-15,60.654999,60.98,60.639998999999996,60.98,59.560832999999995,4200
2018-06-18,60.740002000000004,60.950001,60.57,60.950001,59.53153199999999,6100
2018-06-19,60.490002000000004,60.650002,60.479,60.615002000000004,59.204330000000006,5700
2018-06-20,60.860001000000004,60.93,60.810001,60.828998999999996,59.413349,9100
2018-06-21,60.740002000000004,60.740002000000004,60.439999,60.459998999999996,59.052932999999996,3200
2018-06-22,60.518002,60.594002,60.487999,60.594002,59.18381899999999,2700
2018-06-25,60.330002,60.330002,59.41,59.41,58.02737,2900
2018-06-26,59.629002,59.77,59.629002,59.77,58.610831999999995,1300
2018-06-27,59.830002,60.008998999999996,59.490002000000004,59.490002000000004,58.336257999999994,3100
2018-06-28,59.049999,59.445,59.040001000000004,59.445,58.29213299999999,15600
2018-06-29,59.830002,60.0,59.790001000000004,59.889998999999996,58.728504,7400
2018-07-02,59.360001000000004,59.424,59.18,59.424,58.271542000000004,9100
2018-07-03,59.880001,59.900002,59.562,59.57,58.414711,1900
2018-07-05,59.630001,59.98,59.619999,59.98,58.816753000000006,24800
2018-07-06,60.110001000000004,60.549999,59.939999,60.540001000000004,59.365898,11400
2018-07-09,60.919998,60.919998,60.877998,60.900002,59.718914,5800
2018-07-10,61.119999,61.220001,61.060001,61.209998999999996,60.022903,2600
2018-07-11,60.91,60.919998,60.810001,60.810001,59.630660999999996,6000
2018-07-12,61.299999,61.380001,61.25,61.32,60.130772,12800
2018-07-13,61.380001,61.43,61.380001,61.43,60.238636,1100
2018-07-16,61.560001,61.560001,61.279999,61.334998999999996,60.145477,6500
2018-07-17,61.200001,61.700001,61.200001,61.66,60.464180000000006,8400
2018-07-18,61.610001000000004,61.779999,61.610001000000004,61.740002000000004,60.542629000000005,1800
2018-07-19,61.689999,61.689999,61.52,61.549999,60.356312,52000
2018-07-20,61.589001,61.59,61.459998999999996,61.478001,60.285709,25900
2018-07-23,61.352001,61.580002,61.352001,61.580002,60.38573100000001,900
2018-07-24,61.98,61.98,61.625,61.625,60.429852000000004,1300
2018-07-25,61.849998,62.126999,61.814999,62.110001000000004,60.905449,5300
2018-07-26,62.279999,62.290001000000004,62.230999,62.290001000000004,61.081959,6000
2018-07-27,62.509997999999996,62.509997999999996,61.700001,61.751999,60.554393999999995,12000
2018-07-30,61.919998,61.919998,61.414001,61.439999,60.24844399999999,11000
2018-07-31,61.700001,61.889998999999996,61.68,61.834998999999996,60.635783999999994,7100
2018-08-01,62.009997999999996,62.009997999999996,61.724998,61.771999,60.57400500000001,9000
2018-08-02,61.560001,62.16,61.560001,62.098,60.89368399999999,1200
2018-08-03,62.258998999999996,62.400002,62.234001,62.400002,61.189831000000005,19900
2018-08-06,62.372002,62.740002000000004,62.372002,62.646999,61.432033999999994,6900
2018-08-07,62.860001000000004,62.91,62.84,62.91,61.689938,4400
2018-08-08,62.68,62.849998,62.68,62.84,61.621295999999994,5300
2018-08-09,62.93,62.93,62.750999,62.783001,61.565399,6000
2018-08-10,62.48,62.48,62.110001000000004,62.158001,60.952521999999995,9700
2018-08-13,62.099998,62.189999,61.965,62.029999,60.827,1900
2018-08-14,62.419998,62.43,62.349998,62.351002,61.141777000000005,2500
2018-08-15,62.169998,62.169998,61.66,61.919998,60.719131000000004,3600
2018-08-16,62.34,62.599998,62.312,62.369999,61.160408,12800
2018-08-17,62.34,62.720001,62.34,62.630001,61.415363,10100
2018-08-20,62.830002,62.830002,62.630001,62.790001000000004,61.572262,2000
2018-08-21,62.959998999999996,63.139998999999996,62.959998999999996,63.02,61.797802000000004,22500
2018-08-22,62.785,62.990002000000004,62.785,62.93,61.709545,12500
2018-08-23,62.98,62.98,62.812,62.882999,61.663456000000004,11100
2018-08-24,63.150002,63.266998,63.150002,63.231998,62.005692,12400
2018-08-27,63.400002,63.77,63.400002,63.740002000000004,62.503838,10100
2018-08-28,63.830002,63.830002,63.695,63.77,62.533253,11900
2018-08-29,63.93,64.190002,63.830002,64.150002,62.905888,8200
2018-08-30,64.019997,64.089996,63.77,63.869999,62.631313,4200
2018-08-31,63.880001,63.93,63.73,63.73,62.49403,8700
2018-09-04,63.880001,63.880001,63.560001,63.799999,62.562675,15300
2018-09-05,63.549999,63.599998,63.389998999999996,63.599998,62.36655,5500
2018-09-06,63.669998,63.669998,63.227001,63.436001,62.20573,5000
2018-09-07,63.220001,63.400002,63.075001,63.173,61.947834,11300
2018-09-10,63.59,63.59,63.310001,63.41,62.180237,11500
2018-09-11,63.380001,63.650002,63.380001,63.610001000000004,62.376357999999996,12300
2018-09-12,63.669998,63.669998,63.415001000000004,63.599998,62.36655,5100
2018-09-13,64.0,64.0,63.889998999999996,63.919998,62.680347,4600
2018-09-14,64.0,64.08000200000001,63.869999,64.019997,62.778404,10500
2018-09-17,64.099998,64.099998,63.619999,63.619999,62.386166,10700
2018-09-18,63.859001,64.07,63.845001,63.959998999999996,62.71957,12500
2018-09-19,64.010002,64.029999,63.931,63.950001,62.709763,9800
2018-09-20,64.389999,64.639999,64.389999,64.629997,63.376575,7700
2018-09-21,64.769997,64.769997,64.529999,64.529999,63.278515000000006,2300
2018-09-24,64.18,64.32,64.18,64.32,63.072586,13800
2018-09-25,64.360001,64.360001,64.16100300000001,64.167999,62.923534,3400
2018-09-26,64.120003,64.199997,63.709998999999996,63.709998999999996,62.708965,14400
2018-09-27,63.84,64.18,63.84,64.040001,63.03378299999999,20400
2018-09-28,63.790001000000004,64.019997,63.790001000000004,63.970001,62.964881999999996,5400
2018-10-01,64.400002,64.440002,64.042,64.055,63.048538,25400
2018-10-02,64.18,64.264999,64.089996,64.190002,63.181427,32600
2018-10-03,64.199997,64.41999799999999,64.089996,64.150002,63.142052,11000
2018-10-04,64.139999,64.139999,63.240002000000004,63.59,62.590847,14700
2018-10-05,63.759997999999996,63.759997999999996,62.93,63.23,62.236504000000004,12900
2018-10-08,63.0,63.220001,62.707001,63.139998999999996,62.147923,10700
2018-10-09,63.049999,63.133998999999996,63.049999,63.133998999999996,62.14201,3300
2018-10-10,62.319,62.429001,61.377998,61.377998,60.413601,17700
2018-10-11,60.82,61.110001000000004,59.529999,59.810001,58.870243,28800
2018-10-12,60.597,60.597,59.931,60.549999,59.59861,10800
2018-10-15,60.509997999999996,60.509997999999996,60.16,60.16,59.21474499999999,3800
2018-10-16,60.595001,61.470001,60.595001,61.459998999999996,60.494316000000005,35600
2018-10-17,61.52,61.52,61.099998,61.278,60.315178,9400
2018-10-18,61.172001,61.172001,60.360001000000004,60.529999,59.578926,2600
2018-10-19,60.75,60.990002000000004,60.299999,60.5,59.5494,8300
2018-10-22,60.689999,60.689999,60.108002,60.189999,59.24426999999999,2100
2018-10-23,59.349998,60.139998999999996,58.945,59.869999,58.929297999999996,8300
2018-10-24,59.950001,59.950001,58.049999,58.049999,57.137890000000006,11700
2018-10-25,58.549999,59.43,58.549999,59.080002,58.151714,16400
2018-10-26,57.990002000000004,58.419998,57.389998999999996,58.0,57.088680000000004,13000
2018-10-29,58.744999,58.744999,57.0,57.68,56.773708,6900
2018-10-30,57.889998999999996,58.369999,57.779999,58.296001000000004,57.380028,19300
2018-10-31,59.285,59.605999,59.25,59.605999,58.669444999999996,1300
2018-11-01,59.509997999999996,59.869999,59.507999,59.869999,58.929297999999996,5800
2018-11-02,59.959998999999996,59.959998999999996,59.110001000000004,59.48,58.545425,2700
2018-11-05,59.423,59.860001000000004,59.423,59.860001000000004,58.91946,9900
2018-11-06,59.889998999999996,60.023998,59.828998999999996,60.014998999999996,59.07201800000001,3600
2018-11-07,60.790001000000004,61.509997999999996,60.68,61.509997999999996,60.543530000000004,10200
2018-11-08,61.459998999999996,61.549999,61.205002,61.205002,60.24332,3700
2018-11-09,60.808997999999995,60.808997999999995,60.638,60.75,59.795475,8100
2018-11-12,60.869999,60.869999,59.830002,59.830002,58.889927,16500
2018-11-13,59.950001,60.07,59.659,59.669998,58.732445,19400
2018-11-14,59.990002000000004,59.990002000000004,58.880001,59.220001,58.289508999999995,22800
2018-11-15,58.900002,59.98,58.849998,59.880001,58.93914399999999,13400
2018-11-16,59.82,60.158001,59.599998,60.009997999999996,59.067097,6700
2018-11-19,59.700001,59.700001,58.860001000000004,59.02,58.09265500000001,6600
2018-11-20,58.040001000000004,58.349998,57.830002,57.959998999999996,57.049313,31700
2018-11-21,58.450001,58.450001,58.189999,58.189999,57.275695999999996,3600
2018-11-23,57.860001000000004,58.080002,57.860001000000004,58.080002,57.16743100000001,1100
2018-11-26,58.509997999999996,58.779999,58.397999,58.779999,57.856421999999995,3600
2018-11-27,58.66,59.02,58.450001,59.02,58.09265500000001,23700
2018-11-28,59.060001,60.349998,58.959998999999996,60.349998,59.401759999999996,44500
2018-11-29,60.0,60.419998,59.759997999999996,60.130001,59.185210999999995,21800
2018-11-30,60.189999,60.57,60.119999,60.57,59.618301,16000
2018-12-03,61.360001000000004,61.400002,60.970001,61.23,60.267925,11800
2018-12-04,61.279999,61.279999,59.310001,59.310001,58.378098,16500
2018-12-06,58.549999,59.41,57.860001000000004,59.41,58.476524,58000
2018-12-07,59.330002,59.424999,57.84,57.93,57.019783,27300
2018-12-10,57.849998,58.200001,56.990002000000004,58.02,57.108368000000006,49300
2018-12-11,58.720001,58.728001,58.02,58.02,57.108368000000006,5400
2018-12-12,58.639998999999996,59.02,58.535,58.564999,57.644802,7700
2018-12-13,58.580002,58.75,58.068001,58.145,57.231407,6800
2018-12-14,57.91,57.91,57.16,57.193001,56.294357,18800
2018-12-17,56.400002,56.873001,55.471001,55.549999,54.960659,27400
2018-12-18,56.279999,56.299999,55.450001,55.77,55.178329000000005,36300
2018-12-19,55.630001,56.459998999999996,54.912997999999995,55.0,54.416492000000005,46000
2018-12-20,54.759997999999996,54.950001,53.52,53.919998,53.347954,120600
2018-12-21,54.439999,54.77,52.740002000000004,52.849998,52.289303000000004,132200
2018-12-24,52.34,52.759997999999996,51.470001,51.48,50.933838,67100
2018-12-26,51.900002,54.099998,51.354,54.099998,53.526039000000004,71500
2018-12-27,52.91,54.220001,52.556999,54.220001,53.644771999999996,36800
2018-12-28,54.830002,55.139998999999996,54.169998,54.259997999999996,53.728939000000004,58500
2018-12-31,54.849998,54.93,54.310001,54.93,54.392384,171000
2019-01-02,53.919998,54.969002,53.919998,54.73,54.194336,24200
2019-01-03,54.25,54.34,53.459998999999996,53.459998999999996,52.93676800000001,20600
2019-01-04,54.314999,55.428001,54.314999,55.41,54.86768000000001,36300
2019-01-07,55.419998,56.110001000000004,55.419998,55.77,55.224159,4100
2019-01-08,56.459998999999996,56.459998999999996,55.799999,56.400002,55.847995999999995,21000
2019-01-09,56.506001,56.75,56.299999,56.549999,55.996520999999994,21700
2019-01-10,56.330002,56.779999,56.110001000000004,56.779999,56.224274,33500
2019-01-11,56.639998999999996,56.799999,56.507999,56.775002,56.219326,11600
2019-01-14,56.48,56.668999,56.438,56.59,56.03613299999999,21400
2019-01-15,56.68,57.139998999999996,56.490002000000004,57.110001000000004,56.551044,13300
2019-01-16,57.130001,57.48,57.130001,57.259997999999996,56.699574,13100
2019-01-17,57.25,57.75,57.25,57.700001,57.135273,6600
2019-01-18,58.93,58.93,57.970001,58.308997999999995,57.73830400000001,14500
2019-01-22,58.23,58.23,57.349998,57.5,56.937225,35500
2019-01-23,57.799999,58.082001,57.278,57.799999,57.234287,16000
2019-01-24,57.669998,57.903,57.59,57.82,57.254093000000005,71900
2019-01-25,58.228001,58.419998,58.209998999999996,58.279999,57.709591,15400
2019-01-28,57.93,57.93,57.52,57.900002,57.333313000000004,31700
2019-01-29,57.932999,58.029999,57.650002,57.759997999999996,57.194679,30100
2019-01-30,58.240002000000004,58.84,57.970001,58.700001,58.12548100000001,45100
2019-01-31,58.52,59.254002,58.52,59.23,58.65029499999999,32800
2019-02-01,59.419998,59.438,59.060001,59.200001,58.62059,18200
2019-02-04,59.369999,59.599998,59.185001,59.504002,58.921611999999996,9000
2019-02-05,59.650002,59.93,59.650002,59.924999,59.33849,38100
2019-02-06,60.0,60.0,59.709998999999996,59.900002,59.31374,13800
2019-02-07,59.619999,59.619999,58.955002,59.32,58.739414000000004,16400
2019-02-08,59.200001,59.27,58.950001,59.25,58.670101,12900
2019-02-11,59.669998,59.669998,59.327999,59.5,58.917652000000004,9800
2019-02-12,59.939999,60.27,59.914001,60.189999,59.600899,14600
2019-02-13,60.425999,60.557999,60.330002,60.48,59.888062,11300
2019-02-14,60.299999,60.465,60.049999,60.41,59.81874499999999,47500
2019-02-15,60.706001,60.846001,60.639998999999996,60.814999,60.219784,71900
2019-02-19,60.84,61.169998,60.826,61.060001,60.462387,15700
2019-02-20,61.029999,61.279999,60.98,61.119999,60.521797,62500
2019-02-21,60.911999,61.110001000000004,60.750999,60.827,60.231663,9100
2019-02-22,61.279999,61.349998,61.119999,61.299999,60.700031,26600
2019-02-25,61.82,61.82,61.43,61.43,60.828766,14200
2019-02-26,61.169998,61.494999,61.169998,61.459998999999996,60.858467000000005,33600
2019-02-27,61.299999,61.439999,61.125999,61.439999,60.838665,20600
2019-02-28,61.25,61.360001000000004,61.125999,61.259997999999996,60.660423,31300
2019-03-01,61.599998,61.68,61.384997999999996,61.599998,60.99709300000001,29300
2019-03-04,61.859001,61.859001,60.98,61.269001,60.669338,14400
2019-03-05,61.52,61.540001000000004,61.188999,61.349998,60.749542000000005,18800
2019-03-06,61.41,61.41,60.799999,60.919998,60.32375,31600
2019-03-07,60.91,60.91,60.178001,60.25,59.660309,10800
2019-03-08,60.009997999999996,60.237,59.813,60.237,59.647438,49900
2019-03-11,60.599998,61.169998,60.591999,61.169998,60.571304000000005,19800
2019-03-12,61.369999,61.529999,61.310001,61.349998,60.749542000000005,27300
2019-03-13,61.75,62.049999,61.627998,61.84,61.234749,19000
2019-03-14,62.02,62.060001,61.740002000000004,61.808997999999995,61.204052000000004,13100
2019-03-15,61.949001,62.240002000000004,61.949001,62.110001000000004,61.502106000000005,15800
2019-03-18,62.34,62.369999,62.153999,62.360001000000004,61.74966,41500
2019-03-19,62.73,62.77,62.205002,62.25,61.640736,11600
2019-03-20,62.040001000000004,62.349998,61.77,61.974998,61.586079000000005,30300
2019-03-21,61.860001000000004,62.73,61.860001000000004,62.689999,62.29659300000001,12200
2019-03-22,62.09,62.09,61.470001,61.470001,61.084251,28000
2019-03-25,61.5,61.551998,61.099998,61.389998999999996,61.004753,17200
2019-03-26,61.93,62.009997999999996,61.580002,61.849998,61.461864,18900
2019-03-27,61.970001,61.970001,61.27,61.52,61.133938,21600
2019-03-28,61.77,61.849998,61.540001000000004,61.73,61.342617000000004,21400
2019-03-29,62.029999,62.200001,61.970001,62.139998999999996,61.750046,6800
2019-04-01,62.540001000000004,62.91,62.540001000000004,62.887001,62.49235899999999,11300
2019-04-02,62.91,63.029999,62.790001000000004,63.029999,62.634457,49800
2019-04-03,63.249001,63.360001000000004,63.009997999999996,63.009997999999996,62.614585999999996,16200
2019-04-04,63.259997999999996,63.259997999999996,63.029999,63.150002,62.753712,14600
2019-04-05,63.380001,63.529999,63.380001,63.459998999999996,63.06176,13000
2019-04-08,63.34,63.650002,63.34,63.650002,63.250572,87500
2019-04-09,63.330002,63.43,63.169998,63.169998,62.773579000000005,28000
2019-04-10,63.323002,63.529999,63.299999,63.48,63.081638,17600
2019-04-11,63.560001,63.599998,63.397999,63.529999,63.131325,13100
2019-04-12,64.040001,64.040001,63.810001,63.950001,63.548691000000005,9800
2019-04-15,64.139999,64.139999,63.724998,63.919998,63.518875,11900
2019-04-16,64.120003,64.120003,63.855,64.010002,63.608315000000005,28900
2019-04-17,64.129997,64.129997,63.712002000000005,63.75,63.349941,6400
2019-04-18,63.669998,63.98,63.650002,63.902,63.500992000000004,11400
2019-04-22,63.93,64.0,63.73,64.0,63.598372999999995,15800
2019-04-23,64.199997,64.595001,64.120003,64.519997,64.115105,15400
2019-04-24,64.529999,64.639999,64.42400400000001,64.510002,64.105171,18400
2019-04-25,64.559998,64.58000200000001,64.226997,64.440002,64.035614,12300
2019-04-26,64.369003,64.54699699999999,64.193001,64.540001,64.134987,21800
2019-04-29,64.800003,64.855003,64.639999,64.769997,64.363541,59800
2019-04-30,64.730003,64.849998,64.32,64.849998,64.443039,91500
2019-05-01,65.08000200000001,65.08000200000001,64.300003,64.300003,63.896492,24700
2019-05-02,64.360001,65.41999799999999,63.798,64.059998,63.657996999999995,47600
2019-05-03,64.620003,64.82,64.476997,64.765999,64.359566,46000
2019-05-06,63.82,64.57,63.82,64.529999,64.125046,47800
2019-05-07,64.050003,64.07,63.137001,63.450001,63.051826,29400
2019-05-08,63.220001,63.740002000000004,63.220001,63.610001000000004,63.210823,97200
2019-05-09,62.950001,63.23,62.477001,63.189999,62.793453,21900
2019-05-10,63.060001,63.169998,62.292,63.130001,62.733837,16800
2019-05-13,62.289001,62.289001,61.673,61.82,61.432056,32200
2019-05-14,61.990002000000004,62.77,61.990002000000004,62.41,62.018353000000005,46400
2019-05-15,62.0,62.91,61.962002000000005,62.777,62.383049,20200
2019-05-16,63.34,63.639998999999996,63.310001,63.310001,62.912704000000005,158100
2019-05-17,63.0,63.512001,62.939999,62.979,62.58378199999999,29100
2019-05-20,62.474998,62.721001,62.360001000000004,62.540001000000004,62.147537,18900
2019-05-21,63.02,63.099998,62.919998,63.049999,62.654334999999996,63300
2019-05-22,62.887001,63.049999,62.827999,62.963001,62.567882999999995,22500
2019-05-23,62.490002000000004,62.490002000000004,61.776001,62.098,61.708309,16200
2019-05-24,62.433997999999995,62.459998999999996,62.16,62.16,61.76991999999999,45500
2019-05-28,62.439999,62.540001000000004,61.741001000000004,61.775002,61.387341000000006,16900
2019-05-29,61.223999,61.359001,60.91,61.34,60.95506700000001,11700
2019-05-30,61.509997999999996,61.547001,61.095001,61.310001,60.92525500000001,59200
2019-05-31,60.779999,60.896999,60.560001,60.639998999999996,60.259457,16200
2019-06-03,60.34,60.768002,60.110001000000004,60.5,60.120335,65900
2019-06-04,61.139998999999996,61.59,60.880001,61.59,61.203499,20800
2019-06-05,62.220001,62.25,61.68,62.240002000000004,61.849419,18600
2019-06-06,62.25,62.799999,62.209998999999996,62.650002,62.256847,29300
2019-06-07,62.950001,63.549999,62.950001,63.349998,62.95245,11400
2019-06-10,63.810001,64.040001,63.639998999999996,63.75,63.349941,30100
2019-06-11,64.239998,64.239998,63.453998999999996,63.619999,63.22075699999999,22800
2019-06-12,63.630001,63.669998,63.439999,63.500999,63.10250500000001,17500
2019-06-13,63.650002,63.82,63.619999,63.759997999999996,63.35987900000001,7700
2019-06-14,63.530998,63.82,63.530998,63.720001,63.320133,9700
2019-06-17,63.619999,63.619999,63.41,63.41,63.304157,13800
2019-06-18,63.98,64.349998,63.98,64.050003,63.94309200000001,34800
2019-06-19,64.0,64.400002,64.0,64.379997,64.272537,38900
2019-06-20,64.762001,64.959999,64.650002,64.829002,64.720795,18400
2019-06-21,64.910004,65.019997,64.764999,64.878998,64.770706,14800
2019-06-24,64.970001,64.970001,64.709999,64.724998,64.616959,21300
2019-06-25,64.550003,64.550003,64.059998,64.07,63.963055000000004,26100
2019-06-26,64.18,64.220001,64.015999,64.02600100000001,63.919132,19700
2019-06-27,64.218002,64.300003,64.079002,64.269997,64.16272,21700
2019-06-28,64.339996,64.629997,64.33000200000001,64.529999,64.422287,22600
2019-07-01,65.5,65.5,64.889999,65.209999,65.101151,29700
2019-07-02,65.269997,65.269997,64.970001,65.160004,65.051239,18000
2019-07-03,65.629997,65.739998,65.480003,65.726997,65.617287,7100
2019-07-05,65.410004,65.75,65.33000200000001,65.629997,65.52044699999999,26800
2019-07-08,65.300003,65.449997,65.190002,65.410004,65.300827,64800
2019-07-09,65.18,65.440002,65.158997,65.440002,65.330772,14500
2019-07-10,65.91999799999999,65.91999799999999,65.532997,65.694,65.584343,15100
2019-07-11,65.980003,65.980003,65.68,65.746002,65.636261,21500
2019-07-12,66.014999,66.150002,65.93,66.127998,66.017616,24100
2019-07-15,66.43,66.43,66.08000200000001,66.199997,66.0895,8800
2019-07-16,66.339996,66.339996,65.970001,66.040001,65.929771,23900
2019-07-17,66.120003,66.120003,65.610001,65.636002,65.526443,19400
2019-07-18,65.5,65.83000200000001,65.32,65.739998,65.630264,16800
2019-07-19,65.959999,65.980003,65.379997,65.459999,65.350739,15900
2019-07-22,65.58000200000001,65.610001,65.389,65.58000200000001,65.470535,16300
2019-07-23,66.0,66.04900400000001,65.667999,65.998001,65.88784,29200
2019-07-24,65.790001,66.389999,65.790001,66.389999,66.27918199999999,16500
2019-07-25,66.459999,66.459999,65.91999799999999,65.970001,65.859886,20300
2019-07-26,66.33000200000001,66.529999,66.290001,66.449997,66.33908100000001,30300
2019-07-29,66.610001,66.610001,66.25,66.41999799999999,66.309135,18700
2019-07-30,66.139999,66.400002,66.108002,66.230003,66.11945300000001,20100
2019-07-31,66.33000200000001,66.400002,65.199997,65.739998,65.630264,21800
2019-08-01,65.720001,66.220001,64.860001,65.110001,65.00131999999999,30500
2019-08-02,64.879997,64.879997,64.129997,64.224998,64.117798,26200
2019-08-05,63.560001,63.560001,62.049,62.610001000000004,62.50549300000001,36500
2019-08-06,62.77,63.34,62.580002,63.279999,63.174374,105500
2019-08-07,62.395,63.509997999999996,62.09,63.360001000000004,63.254242000000005,26200
2019-08-08,63.75,64.589996,63.740002000000004,64.589996,64.482185,30400
2019-08-09,64.489998,64.489998,63.786999,64.239998,64.132767,15700
2019-08-12,63.689999,63.84,63.300999,63.334998999999996,63.229282,25500
2019-08-13,63.209998999999996,64.589996,63.209998999999996,64.252998,64.145752,27000
2019-08-14,63.439999,63.459998999999996,62.463001,62.583,62.478539000000005,46800
2019-08-15,62.490002000000004,62.700001,62.110001000000004,62.610001000000004,62.50549300000001,25500
2019-08-16,63.07,63.5,63.07,63.450001,63.34409300000001,32800
2019-08-19,64.269997,64.33000200000001,64.120003,64.315002,64.207649,21800
2019-08-20,64.220001,64.220001,63.759997999999996,63.759997999999996,63.653572,46800
2019-08-21,64.334999,64.346001,64.120003,64.253998,64.146744,18800
2019-08-22,64.477997,64.477997,63.830002,64.220001,64.112808,52700
2019-08-23,63.890999,64.218002,62.310001,62.610001000000004,62.50549300000001,21500
2019-08-26,63.144001,63.32,62.75,63.32,63.21431,55700
2019-08-27,63.66,63.66,62.889998999999996,63.150002,63.044594,47700
2019-08-28,62.799999,63.52,62.799999,63.52,63.413975,44500
2019-08-29,63.950001,64.379997,63.950001,64.360001,64.252571,37600
2019-08-30,64.82,64.82,64.160004,64.309998,64.202652,32400
2019-09-03,64.019997,64.019997,63.713001,63.939999,63.833270999999996,2287200
2019-09-04,64.599998,64.649002,64.309998,64.629997,64.522118,30200
2019-09-05,65.360001,65.66999799999999,65.360001,65.510002,65.40065799999999,26000
2019-09-06,65.480003,65.709999,65.440002,65.589996,65.480515,32900
2019-09-09,65.68,65.730003,65.394997,65.57,65.46055600000001,26200
2019-09-10,65.25,65.480003,65.125,65.480003,65.370705,32600
2019-09-11,65.75,65.93,65.57,65.900002,65.790001,29200
2019-09-12,66.379997,66.480003,66.109001,66.339996,66.229263,29900
2019-09-13,66.510002,66.510002,66.125,66.230003,66.11945300000001,33200
2019-09-16,66.08000200000001,66.119003,65.890999,66.035004,65.924782,24100
2019-09-17,66.099998,66.18,65.936996,66.167,66.056557,2872000
2019-09-18,66.230003,66.230003,65.550003,66.150002,66.039589,28600
2019-09-19,66.160004,66.519997,66.160004,66.160004,66.04956800000001,39000
2019-09-20,66.459999,66.459999,65.818001,65.949997,65.839912,25500
2019-09-23,65.849998,66.019997,65.690002,65.900002,65.790001,36400
2019-09-24,66.061996,66.089996,65.03600300000001,65.172997,65.172997,30700
2019-09-25,65.226997,65.639999,64.959999,65.636002,65.636002,35500
2019-09-26,65.699997,65.699997,65.139999,65.519997,65.519997,70800
2019-09-27,65.779999,65.779999,64.870003,65.120003,65.120003,31400
2019-09-30,65.379997,65.597,65.282997,65.370003,65.370003,41300
2019-10-01,65.779999,66.760002,64.614998,64.720001,64.720001,53500
2019-10-02,64.349998,64.349998,63.209998999999996,63.448002,63.448002,50000
2019-10-03,63.400002,64.099998,62.847,64.099998,64.099998,43300
2019-10-04,64.339996,64.879997,64.239998,64.870003,64.870003,44400
2019-10-07,64.528,65.07,64.528,64.714996,64.714996,53600
2019-10-08,64.290001,64.290001,63.581001,63.59,63.59,42100
2019-10-09,64.084,64.389999,63.931999,64.204002,64.204002,55400
2019-10-10,64.279999,64.839996,64.160004,64.57800300000001,64.57800300000001,65200
2019-10-11,65.497002,65.879997,65.41999799999999,65.41999799999999,65.41999799999999,109300
2019-10-14,65.264999,65.440002,65.25,65.300003,65.300003,284500
2019-10-15,65.660004,66.07,65.614998,65.980003,65.980003,49300
2019-10-16,65.759003,65.940002,65.66999799999999,65.760002,65.760002,79500
2019-10-17,66.150002,66.18,65.837997,65.970001,65.970001,83400
2019-10-18,65.970001,65.970001,65.440002,65.66999799999999,65.66999799999999,80400
