2014-07-31,20.0,20.0,17.040001,17.6,17.6,7235400
2014-08-01,18.209999,18.209999,16.77,16.950001,16.950001,863900
2014-08-04,16.84,17.27,16.110001,16.85,16.85,540200
2014-08-05,16.549999,17.200001,16.48,16.75,16.75,196500
2014-08-06,16.75,17.48,16.26,17.059998999999998,17.059998999999998,140900
2014-08-07,17.08,17.59,17.0,17.49,17.49,118700
2014-08-08,17.549999,17.93,17.35,17.51,17.51,70400
2014-08-11,17.549999,17.950001,17.5,17.85,17.85,111200
2014-08-12,17.870001000000002,18.4,17.629998999999998,18.34,18.34,193700
2014-08-13,18.610001,20.0,18.26,19.799999,19.799999,277100
2014-08-14,19.41,20.91,19.41,20.77,20.77,115900
2014-08-15,21.48,21.48,19.950001,19.959999,19.959999,89900
2014-08-18,20.200001,20.6,20.0,20.469998999999998,20.469998999999998,29800
2014-08-19,20.469998999999998,20.75,20.1,20.389999,20.389999,55700
2014-08-20,20.16,20.9,20.16,20.49,20.49,89100
2014-08-21,20.32,20.6,19.32,20.16,20.16,109900
2014-08-22,19.98,21.0,19.969998999999998,20.459999,20.459999,101900
2014-08-25,20.49,20.6,19.690001000000002,19.870001000000002,19.870001000000002,56100
2014-08-26,19.799999,20.6,19.66,19.73,19.73,107100
2014-08-27,19.52,20.15,19.35,19.51,19.51,80800
2014-08-28,19.5,19.969998999999998,19.290001,19.4,19.4,98100
2014-08-29,19.4,19.655001000000002,19.0,19.379998999999998,19.379998999999998,123100
2014-09-02,19.780001000000002,20.120001000000002,19.379998999999998,19.77,19.77,109700
2014-09-03,19.799999,19.98,18.809998999999998,18.889999,18.889999,129300
2014-09-04,18.950001,19.65,18.6,18.93,18.93,166800
2014-09-05,18.950001,19.43,18.950001,19.040001,19.040001,85400
2014-09-08,19.25,19.459999,18.379998999999998,18.65,18.65,150200
2014-09-09,19.0,19.43,18.771,19.41,19.41,87600
2014-09-10,19.299999,22.114,18.620001000000002,21.620001000000002,21.620001000000002,335800
2014-09-11,21.450001,22.84,20.549999,20.93,20.93,900200
2014-09-12,21.0,21.23,19.290001,20.74,20.74,286800
2014-09-15,20.93,20.950001,20.02,20.870001000000002,20.870001000000002,74500
2014-09-16,21.139999,21.139999,19.73,20.1,20.1,207900
2014-09-17,19.9,20.49,19.66,20.030001000000002,20.030001000000002,118600
2014-09-18,20.0,20.450001,19.799999,20.16,20.16,77900
2014-09-19,20.219998999999998,20.43,19.57,19.57,19.57,269700
2014-09-22,19.77,20.0,19.08,19.76,19.76,116900
2014-09-23,19.52,20.219998999999998,18.700001,18.82,18.82,256700
2014-09-24,18.74,18.98,17.58,18.24,18.24,209100
2014-09-25,18.299999,18.889999,17.860001,18.16,18.16,194500
2014-09-26,18.17,18.93,18.040001,18.450001,18.450001,205100
2014-09-29,18.43,18.549999,17.879998999999998,18.24,18.24,145700
2014-09-30,18.200001,18.73,17.780001000000002,18.309998999999998,18.309998999999998,1283400
2014-10-01,18.299999,18.67,17.559998999999998,17.77,17.77,237400
2014-10-02,17.809998999999998,18.209999,17.23,17.379998999999998,17.379998999999998,235600
2014-10-03,17.5,18.99,17.360001,18.9,18.9,139400
2014-10-06,18.870001000000002,19.57,18.559998999999998,18.68,18.68,91900
2014-10-07,18.57,19.66,17.58,19.290001,19.290001,97200
2014-10-08,19.280001000000002,19.645,19.16,19.370001000000002,19.370001000000002,93900
2014-10-09,19.299999,19.4,18.459999,18.52,18.52,104200
2014-10-10,18.41,19.07,17.940001000000002,17.98,17.98,129000
2014-10-13,18.41,18.655001000000002,17.65,18.219998999999998,18.219998999999998,132700
2014-10-14,18.35,18.5,17.98,18.440001000000002,18.440001000000002,152100
2014-10-15,18.139999,19.540001,17.889999,19.440001000000002,19.440001000000002,130900
2014-10-16,19.49,20.549999,19.25,20.32,20.32,99500
2014-10-17,20.610001,20.690001000000002,19.389999,19.41,19.41,43500
2014-10-20,19.370001000000002,20.26,19.35,20.120001000000002,20.120001000000002,71400
2014-10-21,20.27,20.75,19.0,20.370001000000002,20.370001000000002,90400
2014-10-22,20.299999,21.032,20.01,20.17,20.17,107300
2014-10-23,20.370001000000002,21.110001,20.362,20.67,20.67,60900
2014-10-24,20.690001000000002,20.968,19.99,20.030001000000002,20.030001000000002,32600
2014-10-27,20.030001000000002,20.49,19.77,19.950001,19.950001,36000
2014-10-28,19.959999,20.48,19.549999,20.469998999999998,20.469998999999998,54900
2014-10-29,19.84,20.67,19.84,19.950001,19.950001,54400
2014-10-30,19.370001000000002,20.51,19.370001000000002,20.23,20.23,76300
2014-10-31,20.77,20.77,20.07,20.4,20.4,40000
2014-11-03,20.4,20.51,19.67,19.889999,19.889999,64800
2014-11-04,19.76,19.99,19.5,19.59,19.59,68500
2014-11-05,19.82,19.82,19.290001,19.690001000000002,19.690001000000002,107300
2014-11-06,19.610001,19.940001000000002,19.58,19.799999,19.799999,37800
2014-11-07,19.73,21.290001,19.629998999999998,20.51,20.51,88500
2014-11-10,19.969998999999998,21.0,19.969998999999998,20.790001,20.790001,50000
2014-11-11,20.700001,21.99,20.700001,21.059998999999998,21.059998999999998,94300
2014-11-12,21.040001,21.52,20.858,21.440001000000002,21.440001000000002,34100
2014-11-13,21.719998999999998,21.719998999999998,20.52,21.4,21.4,72200
2014-11-14,21.35,21.805,21.190001000000002,21.360001,21.360001,42900
2014-11-17,21.440001000000002,21.870001000000002,21.299999,21.51,21.51,34000
2014-11-18,21.639999,22.790001,21.639999,22.27,22.27,71300
2014-11-19,22.16,22.84,21.709999,21.719998999999998,21.719998999999998,36800
2014-11-20,21.629998999999998,22.49,21.629998999999998,22.08,22.08,55500
2014-11-21,22.379998999999998,23.75,22.129998999999998,22.959999,22.959999,90200
2014-11-24,23.030001000000002,23.200001,22.530001000000002,23.08,23.08,82800
2014-11-25,23.030001000000002,24.190001000000002,22.469998999999998,23.780001000000002,23.780001000000002,224100
2014-11-26,23.76,23.9,22.879998999999998,23.530001000000002,23.530001000000002,79900
2014-11-28,23.58,25.280001000000002,22.93,24.83,24.83,83800
2014-12-01,24.83,27.74,23.98,24.01,24.01,49800
2014-12-02,24.120001000000002,25.17,22.559998999999998,22.59,22.59,146000
2014-12-03,22.700001,23.09,22.33,22.700001,22.700001,84000
2014-12-04,22.77,22.77,22.209999,22.450001,22.450001,77900
2014-12-05,22.41,22.719998999999998,22.23,22.290001,22.290001,71500
2014-12-08,22.17,24.49,22.17,24.09,24.09,152500
2014-12-09,24.02,24.1,23.16,23.969998999999998,23.969998999999998,151800
2014-12-10,24.65,26.0,23.370001000000002,24.26,24.26,240700
2014-12-11,24.33,24.74,23.5,23.83,23.83,176600
2014-12-12,23.559998999999998,23.85,22.15,22.32,22.32,173700
2014-12-15,22.5,23.73,22.379998999999998,22.9,22.9,121400
2014-12-16,22.700001,23.24,22.620001000000002,22.74,22.74,138600
2014-12-17,22.700001,24.629998999999998,22.700001,24.32,24.32,135100
2014-12-18,24.799999,25.190001000000002,24.24,24.620001000000002,24.620001000000002,158500
2014-12-19,24.57,25.290001,24.4,24.58,24.58,496200
2014-12-22,24.52,25.785,23.732,25.709999,25.709999,87400
2014-12-23,25.75,25.76,24.9,25.35,25.35,108900
2014-12-24,25.440001000000002,25.645,25.084999,25.59,25.59,37100
2014-12-26,25.620001000000002,26.15,25.139999,25.83,25.83,53400
2014-12-29,25.83,26.091,25.4,25.76,25.76,54400
2014-12-30,25.75,26.209999,25.280001000000002,25.620001000000002,25.620001000000002,63200
2014-12-31,25.719998999999998,26.030001000000002,25.195,25.450001,25.450001,70600
2015-01-02,25.530001000000002,25.73,24.27,24.700001,24.700001,144300
2015-01-05,24.469998999999998,24.889999,21.610001,22.4,22.4,251100
2015-01-06,22.440001000000002,22.540001,21.52,21.66,21.66,98300
2015-01-07,21.889999,21.889999,20.9,21.379998999999998,21.379998999999998,133300
2015-01-08,21.5,21.83,21.040001,21.190001000000002,21.190001000000002,133400
2015-01-09,21.200001,21.23,19.719998999999998,20.299999,20.299999,149600
2015-01-12,20.360001,20.98,20.01,20.549999,20.549999,149500
2015-01-13,20.610001,21.676001,20.285,21.51,21.51,161900
2015-01-14,22.690001000000002,22.690001000000002,21.559998999999998,22.049999,22.049999,121900
2015-01-15,21.99,22.1,21.049999,21.1,21.1,117200
2015-01-16,21.07,21.110001,19.299999,19.57,19.57,169800
2015-01-20,19.530001000000002,20.049999,19.26,19.959999,19.959999,142200
2015-01-21,20.0,20.120001000000002,19.635,20.040001,20.040001,39900
2015-01-22,20.129998999999998,21.360001,20.08,20.98,20.98,111500
2015-01-23,20.99,21.549999,20.700001,21.200001,21.200001,81600
2015-01-26,21.700001,21.74,21.15,21.18,21.18,66600
2015-01-27,20.719998999999998,21.0,19.969998999999998,20.290001,20.290001,507500
2015-01-28,20.290001,21.5,20.290001,21.17,21.17,526300
2015-01-29,21.280001000000002,21.32,20.879998999999998,21.129998999999998,21.129998999999998,684500
2015-01-30,20.940001000000002,21.360001,20.73,20.77,20.77,257500
2015-02-02,20.280001000000002,20.82,19.549999,19.700001,19.700001,240800
2015-02-03,19.690001000000002,20.139999,19.52,19.66,19.66,137800
2015-02-04,19.67,19.99,19.35,19.73,19.73,143600
2015-02-05,19.709999,20.09,19.440001000000002,19.700001,19.700001,186600
2015-02-06,19.719998999999998,20.799999,19.110001,19.299999,19.299999,213900
2015-02-09,19.219998999999998,19.311001,18.879998999999998,18.950001,18.950001,131400
2015-02-10,19.0,19.200001,18.940001000000002,19.16,19.16,222700
2015-02-11,19.1,19.549999,18.940001000000002,19.530001000000002,19.530001000000002,368100
2015-02-12,19.57,20.1,19.43,19.98,19.98,671100
2015-02-13,19.93,20.299999,19.799999,20.02,20.02,329000
2015-02-17,20.0,20.370001000000002,19.83,20.129998999999998,20.129998999999998,260900
2015-02-18,19.85,20.190001000000002,19.83,20.129998999999998,20.129998999999998,168000
2015-02-19,20.1,20.389999,19.75,19.870001000000002,19.870001000000002,198300
2015-02-20,19.82,19.99,19.24,19.42,19.42,164000
2015-02-23,19.450001,20.0,19.42,19.75,19.75,159300
2015-02-24,19.01,19.945999,19.01,19.459999,19.459999,132000
2015-02-25,19.4,20.049999,19.4,19.969998999999998,19.969998999999998,152500
2015-02-26,20.0,20.27,19.635,19.76,19.76,78900
2015-02-27,19.826,20.42,19.74,20.27,20.27,163800
2015-03-02,20.0,20.959999,19.98,20.889999,20.889999,231800
2015-03-03,20.9,21.15,20.540001,21.07,21.07,154600
2015-03-04,21.030001000000002,21.35,20.92,21.26,21.26,197700
2015-03-05,21.219998999999998,21.559998999999998,21.115,21.5,21.5,274700
2015-03-06,21.82,22.469998999999998,21.559998999999998,22.190001000000002,22.190001000000002,407200
2015-03-09,22.25,23.43,22.24,23.08,23.08,436000
2015-03-10,22.950001,23.719998999999998,22.65,23.629998999999998,23.629998999999998,332500
2015-03-11,23.559998999999998,24.0,23.559998999999998,23.959999,23.959999,199900
2015-03-12,23.5,24.09,23.35,24.0,24.0,231600
2015-03-13,24.02,24.450001,23.389999,23.629998999999998,23.629998999999998,189800
2015-03-16,24.01,24.690001000000002,23.91,24.4,24.4,301000
2015-03-17,24.4,24.6,23.969998999999998,24.32,24.32,200900
2015-03-18,24.379998999999998,25.299999,24.23,24.969998999999998,24.969998999999998,315600
2015-03-19,25.030001000000002,25.530001000000002,24.360001,25.07,25.07,685100
2015-03-20,25.120001000000002,25.52,24.66,25.030001000000002,25.030001000000002,1230500
2015-03-23,25.049999,25.4,24.889999,25.0,25.0,573400
2015-03-24,25.0,26.48,24.879998999999998,25.969998999999998,25.969998999999998,723400
2015-03-25,26.5,26.5,24.209999,24.74,24.74,870400
2015-03-26,24.51,25.450001,24.26,25.389999,25.389999,275500
2015-03-27,25.34,25.85,25.07,25.209999,25.209999,164400
2015-03-30,25.200001,25.4,24.76,24.959999,24.959999,123900
2015-03-31,25.0,25.299999,24.51,24.99,24.99,204500
2015-04-01,24.889999,25.0,24.516001,24.940001000000002,24.940001000000002,103700
2015-04-02,24.5,24.889999,24.32,24.43,24.43,85900
2015-04-06,24.27,24.360001,23.58,23.889999,23.889999,178200
2015-04-07,23.75,24.1,23.530001000000002,23.969998999999998,23.969998999999998,156000
2015-04-08,24.07,24.1,23.809998999999998,24.0,24.0,101400
2015-04-09,24.0,24.07,23.719998999999998,24.040001,24.040001,180100
2015-04-10,24.139999,24.139999,23.860001,24.030001000000002,24.030001000000002,185400
2015-04-13,23.940001000000002,24.290001,23.940001000000002,24.059998999999998,24.059998999999998,145400
2015-04-14,24.0,24.209999,23.879998999999998,24.0,24.0,129100
2015-04-15,24.0,24.200001,23.91,24.1,24.1,291100
2015-04-16,24.129998999999998,24.75,24.0,24.290001,24.290001,153700
2015-04-17,24.200001,24.370001000000002,24.15,24.35,24.35,127900
2015-04-20,24.540001,24.58,24.32,24.5,24.5,84200
2015-04-21,24.59,24.709999,24.5,24.610001,24.610001,157100
2015-04-22,24.559998999999998,24.969998999999998,24.51,24.73,24.73,201400
2015-04-23,24.65,25.16,24.549999,25.129998999999998,25.129998999999998,131600
2015-04-24,25.200001,25.59,25.07,25.52,25.52,179500
2015-04-27,25.5,26.072001,25.5,26.01,26.01,527700
2015-04-28,26.110001,27.879998999999998,25.940001000000002,27.76,27.76,557600
2015-04-29,27.75,27.889999,26.952999,27.18,27.18,428700
2015-04-30,27.209999,27.440001000000002,26.059998999999998,26.209999,26.209999,270400
2015-05-01,26.200001,26.469998999999998,25.860001,26.370001000000002,26.370001000000002,149800
2015-05-04,25.98,26.110001,24.52,26.0,26.0,369600
2015-05-05,26.0,26.65,25.771998999999997,25.9,25.9,263200
2015-05-06,26.24,27.190001000000002,25.91,26.85,26.85,1646200
2015-05-07,26.620001000000002,26.908001000000002,26.48,26.6,26.6,280500
2015-05-08,26.860001,26.99,26.040001,26.370001000000002,26.370001000000002,194100
2015-05-11,26.190001000000002,27.110001,26.190001000000002,27.01,27.01,398200
2015-05-12,27.01,27.034,25.775,26.1,26.1,541600
2015-05-13,26.459999,26.719998999999998,25.120001000000002,25.41,25.41,456800
2015-05-14,25.4,26.475,25.389999,26.25,26.25,366700
2015-05-15,26.26,26.74,25.51,25.59,25.59,933300
2015-05-18,25.66,26.02,25.440001000000002,25.93,25.93,115200
2015-05-19,26.02,26.169001,25.950001,26.02,26.02,81300
2015-05-20,26.08,26.120001000000002,25.67,25.799999,25.799999,138600
2015-05-21,25.83,25.99,25.219998999999998,25.35,25.35,143100
2015-05-22,25.299999,26.004998999999998,25.299999,26.0,26.0,303300
2015-05-26,26.0,26.056,25.57,26.0,26.0,171500
2015-05-27,26.110001,26.780001000000002,25.9,26.66,26.66,328600
2015-05-28,26.530001000000002,26.57,26.030001000000002,26.51,26.51,229900
2015-05-29,26.4,26.629998999999998,25.92,26.51,26.51,402200
2015-06-01,26.58,26.924999,25.98,26.27,26.27,343400
2015-06-02,26.299999,26.846001,26.07,26.620001000000002,26.620001000000002,419600
2015-06-03,26.74,27.16,26.306,26.959999,26.959999,327600
2015-06-04,26.969998999999998,27.09,26.110001,26.379998999999998,26.379998999999998,468200
2015-06-05,26.280001000000002,26.5,25.9,26.459999,26.459999,175700
2015-06-08,26.129998999999998,26.43,25.83,26.34,26.34,278300
2015-06-09,27.15,27.629998999999998,26.120001000000002,27.299999,27.299999,895900
2015-06-10,27.389999,27.98,27.02,27.92,27.92,558400
2015-06-11,27.92,28.48,27.719998999999998,27.940001000000002,27.940001000000002,339900
2015-06-12,27.82,28.26,27.719998999999998,27.889999,27.889999,208200
2015-06-15,28.0,29.92,28.0,29.280001000000002,29.280001000000002,903000
2015-06-16,29.389999,29.559998999999998,28.65,29.049999,29.049999,689200
2015-06-17,29.129998999999998,29.4,28.59,28.83,28.83,477100
2015-06-18,28.799999,29.73,28.799999,29.379998999999998,29.379998999999998,601400
2015-06-19,29.6,30.9,29.48,30.59,30.59,1666500
2015-06-22,31.959999,32.830002,31.9,32.310001,32.310001,1259100
2015-06-23,32.259997999999996,32.880001,32.250999,32.709998999999996,32.709998999999996,933800
2015-06-24,33.07,33.25,32.613997999999995,33.220001,33.220001,780500
2015-06-25,33.450001,34.060001,33.189999,33.900002,33.900002,4369700
2015-06-26,33.93,34.0,32.5,32.919998,32.919998,4492500
2015-06-29,32.5,32.540001000000004,31.84,32.02,32.02,675000
2015-06-30,32.119999,32.169998,31.719998999999998,32.049999,32.049999,334400
2015-07-01,32.360001000000004,32.509997999999996,31.290001,32.009997999999996,32.009997999999996,413800
2015-07-02,31.969998999999998,31.969998999999998,30.75,31.299999,31.299999,311900
2015-07-06,31.049999,31.299999,30.549999,31.219998999999998,31.219998999999998,483600
2015-07-07,31.27,31.27,30.18,30.65,30.65,514300
2015-07-08,30.57,31.41,30.094998999999998,30.780001000000002,30.780001000000002,324000
2015-07-09,30.85,32.0,30.85,31.780001000000002,31.780001000000002,314600
2015-07-10,32.02,32.369999,31.5,32.07,32.07,284900
2015-07-13,32.34,33.0,32.009997999999996,32.990002000000004,32.990002000000004,583200
2015-07-14,33.0,33.130001,32.369999,32.700001,32.700001,290600
2015-07-15,32.639998999999996,32.950001,32.119999,32.200001,32.200001,303800
2015-07-16,32.279999,33.130001,32.150002,33.110001000000004,33.110001000000004,264200
2015-07-17,33.200001,33.619999,32.970001,33.279999,33.279999,217900
2015-07-20,33.290001000000004,33.580002,32.150002,32.810001,32.810001,232600
2015-07-21,32.689999,33.43,32.009997999999996,33.259997999999996,33.259997999999996,251000
2015-07-22,33.080002,33.389998999999996,32.68,33.150002,33.150002,161300
2015-07-23,33.299999,33.450001,32.950001,33.099998,33.099998,176900
2015-07-24,33.110001000000004,33.540001000000004,32.740002000000004,33.060001,33.060001,172800
2015-07-27,32.93,33.43,32.220001,32.369999,32.369999,285600
2015-07-28,32.580002,33.970001,31.959999,33.959998999999996,33.959998999999996,341600
2015-07-29,33.84,34.560001,33.575001,33.84,33.84,208200
2015-07-30,33.720001,33.91,32.93,33.689999,33.689999,148800
2015-07-31,33.779999,34.299999,33.43,33.66,33.66,207700
2015-08-03,33.59,33.900002,33.110001000000004,33.52,33.52,201600
2015-08-04,33.459998999999996,33.84,32.862,33.639998999999996,33.639998999999996,155400
2015-08-05,33.630001,34.200001,33.57,34.099998,34.099998,279900
2015-08-06,34.0,34.380001,32.959998999999996,33.07,33.07,240600
2015-08-07,32.889998999999996,33.080002,31.841998999999998,32.110001000000004,32.110001000000004,304100
2015-08-10,32.290001000000004,33.630001,32.240002000000004,33.200001,33.200001,282000
2015-08-11,32.919998,33.790001000000004,32.919998,33.310001,33.310001,161100
2015-08-12,33.060001,33.34,32.560001,32.970001,32.970001,164400
2015-08-13,32.900002,33.290001000000004,32.720001,32.82,32.82,173100
2015-08-14,32.639998999999996,33.130001,32.34,32.709998999999996,32.709998999999996,116700
2015-08-17,32.75,34.223999,32.75,33.700001,33.700001,318200
2015-08-18,33.669998,33.959998999999996,33.349998,33.470001,33.470001,163800
2015-08-19,33.130001,33.16,32.349998,32.450001,32.450001,217300
2015-08-20,32.240002000000004,32.439999,30.559998999999998,30.67,30.67,319200
2015-08-21,30.09,30.389999,28.799999,29.27,29.27,562800
2015-08-24,27.48,29.309998999999998,24.73,28.264999,28.264999,451700
2015-08-25,29.200001,29.200001,28.209999,28.24,28.24,174700
2015-08-26,28.91,28.919001,27.73,28.690001000000002,28.690001000000002,199900
2015-08-27,29.01,29.52,28.785,29.360001,29.360001,272800
2015-08-28,29.280001000000002,29.75,29.08,29.51,29.51,175400
2015-08-31,29.48,29.799999,29.190001000000002,29.32,29.32,244600
2015-09-01,28.860001,29.33,28.6,29.200001,29.200001,260500
2015-09-02,29.48,29.969998999999998,29.139999,29.940001000000002,29.940001000000002,211400
2015-09-03,29.940001000000002,30.0,29.09,29.309998999999998,29.309998999999998,386400
2015-09-04,28.91,29.780001000000002,28.91,29.360001,29.360001,144500
2015-09-08,29.85,30.83,29.635,30.530001000000002,30.530001000000002,289600
2015-09-09,31.32,31.93,29.48,31.27,31.27,777700
2015-09-10,30.870001000000002,31.27,30.5,30.82,30.82,321500
2015-09-11,30.35,30.59,29.76,30.24,30.24,338700
2015-09-14,30.299999,30.83,29.700001,29.9,29.9,358800
2015-09-15,30.0,30.299999,29.73,29.83,29.83,291000
2015-09-16,29.950001,30.08,29.49,29.74,29.74,303800
2015-09-17,29.700001,31.91,29.59,31.299999,31.299999,598500
2015-09-18,30.75,31.1,29.450001,30.879998999999998,30.879998999999998,485600
2015-09-21,30.98,31.379998999999998,30.18,30.469998999999998,30.469998999999998,237400
2015-09-22,29.48,29.639999,29.33,29.59,29.59,1300900
2015-09-23,29.73,30.74,29.719998999999998,30.610001,30.610001,656500
2015-09-24,30.469998999999998,30.771,30.0,30.360001,30.360001,300300
2015-09-25,30.450001,30.74,29.76,29.84,29.84,240200
2015-09-28,29.690001000000002,30.219998999999998,28.379998999999998,28.48,28.48,755400
2015-09-29,28.59,29.636999,28.42,28.68,28.68,396800
2015-09-30,29.219998999999998,29.700001,28.844998999999998,29.549999,29.549999,434500
2015-10-01,29.42,29.59,28.59,28.959999,28.959999,566400
2015-10-02,28.780001000000002,29.43,28.4,29.42,29.42,358600
2015-10-05,29.77,29.790001,28.959999,29.34,29.34,614700
2015-10-06,29.200001,29.41,28.35,28.99,28.99,364200
2015-10-07,29.190001000000002,29.844998999999998,28.709999,29.74,29.74,405300
2015-10-08,29.700001,29.950001,29.103001000000003,29.809998999999998,29.809998999999998,229500
2015-10-09,29.879998999999998,30.59,29.629998999999998,30.24,30.24,328900
2015-10-12,30.08,30.5,30.01,30.43,30.43,174900
2015-10-13,30.41,30.85,29.85,29.879998999999998,29.879998999999998,200700
2015-10-14,29.84,30.450001,29.6,29.76,29.76,171500
2015-10-15,29.809998999999998,30.389999,29.15,30.209999,30.209999,303800
2015-10-16,30.200001,30.4,29.860001,29.969998999999998,29.969998999999998,218700
2015-10-19,29.879998999999998,30.77,29.74,30.74,30.74,198700
2015-10-20,30.690001000000002,30.82,29.860001,29.93,29.93,201000
2015-10-21,30.01,30.01,28.49,28.84,28.84,267700
2015-10-22,28.860001,29.07,27.219998999999998,27.5,27.5,318700
2015-10-23,27.860001,30.139999,27.709999,30.049999,30.049999,284200
2015-10-26,30.309998999999998,31.450001,30.309998999999998,30.73,30.73,732300
2015-10-27,30.66,31.16,30.4,31.01,31.01,406100
2015-10-28,32.0,32.810001,31.0,32.68,32.68,737900
2015-10-29,32.68,33.400002,32.48,33.27,33.27,310100
2015-10-30,33.18,33.459998999999996,32.470001,32.709998999999996,32.709998999999996,221400
2015-11-02,32.68,33.25,32.290001000000004,32.990002000000004,32.990002000000004,489000
2015-11-03,32.810001,33.380001,32.0,32.439999,32.439999,405100
2015-11-04,32.459998999999996,32.775002,31.51,32.52,32.52,232000
2015-11-05,32.599998,33.43,32.5,32.93,32.93,190800
2015-11-06,32.93,33.860001000000004,32.529999,33.689999,33.689999,281900
2015-11-09,33.619999,34.0,32.660999,33.049999,33.049999,240100
2015-11-10,32.990002000000004,34.630001,32.990002000000004,34.459998999999996,34.459998999999996,275300
2015-11-11,34.779999,35.778999,34.521,34.959998999999996,34.959998999999996,737500
2015-11-12,34.810001,35.73,32.779999,32.98,32.98,331900
2015-11-13,32.900002,34.23,32.485001000000004,32.57,32.57,236500
2015-11-16,32.330002,33.07,32.0,32.860001000000004,32.860001000000004,128600
2015-11-17,33.200001,33.200001,32.012001,33.009997999999996,33.009997999999996,195600
2015-11-18,33.23,33.5,32.650002,33.43,33.43,153800
2015-11-19,33.34,33.779999,32.470001,33.23,33.23,225400
2015-11-20,33.360001000000004,34.07,33.150002,33.830002,33.830002,177800
2015-11-23,33.939999,34.470001,33.709998999999996,34.400002,34.400002,226800
2015-11-24,34.130001,34.459998999999996,33.849998,34.400002,34.400002,152200
2015-11-25,34.419998,34.48,33.450001,33.950001,33.950001,137300
2015-11-27,33.959998999999996,34.549999,33.689999,34.540001000000004,34.540001000000004,133500
2015-11-30,34.759997999999996,34.988997999999995,32.580002,33.0,33.0,424600
2015-12-01,33.029999,33.299999,31.5,33.0,33.0,288600
2015-12-02,33.0,33.990002000000004,33.0,33.470001,33.470001,143800
2015-12-03,33.619999,33.950001,32.400002,32.849998,32.849998,171700
2015-12-04,32.779999,33.619999,32.779999,33.279999,33.279999,169700
2015-12-07,33.220001,33.674999,32.950001,33.52,33.52,307000
2015-12-08,33.5,33.5,30.690001000000002,31.74,31.74,590900
2015-12-09,31.51,32.130001,28.049999,29.549999,29.549999,792900
2015-12-10,29.6,30.870001000000002,28.693001000000002,30.16,30.16,461500
2015-12-11,29.51,30.190001000000002,29.26,29.48,29.48,219900
2015-12-14,29.549999,29.73,28.41,28.709999,28.709999,268400
2015-12-15,28.879998999999998,28.969998999999998,26.469998999999998,27.16,27.16,748300
2015-12-16,27.0,27.610001,25.715,27.450001,27.450001,836100
2015-12-17,27.5,27.940001000000002,26.92,27.01,27.01,364700
2015-12-18,26.92,27.040001,25.32,25.870001000000002,25.870001000000002,684000
2015-12-21,26.09,26.146,25.309998999999998,25.93,25.93,295600
2015-12-22,25.940001000000002,26.360001,25.700001,26.27,26.27,292300
2015-12-23,26.469998999999998,26.530001000000002,26.1,26.32,26.32,264500
2015-12-24,26.41,26.68,26.290001,26.57,26.57,173100
2015-12-28,26.389999,26.610001,26.24,26.610001,26.610001,267800
2015-12-29,26.75,27.139999,26.27,26.77,26.77,218300
2015-12-30,26.77,26.93,25.93,26.110001,26.110001,152900
2015-12-31,25.93,25.93,24.709999,25.07,25.07,589200
2016-01-04,24.76,25.120001000000002,24.059998999999998,24.969998999999998,24.969998999999998,385200
2016-01-05,24.98,24.98,23.959999,23.969998999999998,23.969998999999998,244500
2016-01-06,23.65,23.841,22.93,23.32,23.32,350500
2016-01-07,22.889999,22.955,22.379998999999998,22.450001,22.450001,477900
2016-01-08,22.5,22.799999,22.1,22.540001,22.540001,758200
2016-01-11,22.6,22.886999,22.33,22.719998999999998,22.719998999999998,525000
2016-01-12,22.889999,23.059998999999998,22.469998999999998,22.799999,22.799999,563400
2016-01-13,22.889999,23.26,21.93,22.26,22.26,415000
2016-01-14,22.280001000000002,23.209999,22.1,22.76,22.76,680300
2016-01-15,22.219998999999998,22.76,21.950001,22.629998999999998,22.629998999999998,389900
2016-01-19,22.809998999999998,23.013,22.129998999999998,22.309998999999998,22.309998999999998,426500
2016-01-20,22.030001000000002,22.48,19.77,21.950001,21.950001,477600
2016-01-21,22.040001,22.41,21.67,22.07,22.07,305900
2016-01-22,22.379998999999998,22.83,22.09,22.67,22.67,216700
2016-01-25,22.5,22.700001,22.392,22.49,22.49,308300
2016-01-26,22.67,22.9,22.42,22.549999,22.549999,297200
2016-01-27,22.52,22.860001,22.01,22.059998999999998,22.059998999999998,372300
2016-01-28,22.24,22.33,20.790001,21.0,21.0,399400
2016-01-29,21.030001000000002,21.65,21.030001000000002,21.549999,21.549999,387700
2016-02-01,21.440001000000002,21.719998999999998,21.09,21.27,21.27,287000
2016-02-02,21.059998999999998,21.087,20.27,20.860001,20.860001,538600
2016-02-03,20.969998999999998,21.25,18.76,19.07,19.07,988800
2016-02-04,18.99,19.049999,18.07,18.200001,18.200001,353500
2016-02-05,18.17,18.190001000000002,15.8,15.87,15.87,768000
2016-02-08,16.01,18.120001000000002,15.91,17.59,17.59,982200
2016-02-09,17.639999,18.030001000000002,16.74,16.799999,16.799999,537500
2016-02-10,16.950001,17.940001000000002,16.799999,17.67,17.67,478900
2016-02-11,17.32,17.459999,16.150999,17.290001,17.290001,296500
2016-02-12,17.540001,17.620001000000002,16.9,17.610001,17.610001,276700
2016-02-16,17.76,18.17,17.440001000000002,18.049999,18.049999,300300
2016-02-17,18.120001000000002,19.309998999999998,18.08,19.01,19.01,660000
2016-02-18,19.02,19.57,19.02,19.27,19.27,491800
2016-02-19,19.190001000000002,19.51,19.040001,19.370001000000002,19.370001000000002,334800
2016-02-22,19.52,19.969998999999998,19.25,19.549999,19.549999,234400
2016-02-23,19.440001000000002,19.93,19.129998999999998,19.719998999999998,19.719998999999998,283100
2016-02-24,19.57,19.99,19.290001,19.889999,19.889999,300600
2016-02-25,19.99,20.059998999999998,19.549999,19.879998999999998,19.879998999999998,171400
2016-02-26,19.98,20.5,19.879998999999998,20.48,20.48,210300
2016-02-29,20.48,20.860001,20.26,20.82,20.82,381600
2016-03-01,20.870001000000002,21.32,20.66,21.25,21.25,331700
2016-03-02,21.17,21.540001,20.82,21.389999,21.389999,188200
2016-03-03,21.280001000000002,22.23,19.99,21.780001000000002,21.780001000000002,482300
2016-03-04,21.709999,22.780001000000002,21.629998999999998,22.719998999999998,22.719998999999998,318300
2016-03-07,22.540001,23.440001000000002,22.450001,23.370001000000002,23.370001000000002,305900
2016-03-08,23.16,23.26,21.48,22.01,22.01,498600
2016-03-09,22.08,22.450001,21.83,22.200001,22.200001,290600
2016-03-10,22.309998999999998,22.32,21.825001,22.139999,22.139999,261700
2016-03-11,22.309998999999998,22.68,22.139999,22.639999,22.639999,165000
2016-03-14,22.629998999999998,22.98,22.34,22.870001000000002,22.870001000000002,255200
2016-03-15,22.709999,22.709999,21.6,21.629998999999998,21.629998999999998,238900
2016-03-16,21.42,22.57,21.42,22.49,22.49,189700
2016-03-17,22.49,22.629998999999998,21.629998999999998,22.51,22.51,176200
2016-03-18,22.690001000000002,23.1,22.040001,23.030001000000002,23.030001000000002,447700
2016-03-21,22.959999,23.309998999999998,22.860001,23.15,23.15,157600
2016-03-22,23.02,23.325001,22.389999,22.450001,22.450001,313900
2016-03-23,23.700001,25.0,23.049999,24.360001,24.360001,985100
2016-03-24,24.1,24.1,21.9,22.58,22.58,545900
2016-03-28,22.700001,23.59,22.555,22.59,22.59,334800
2016-03-29,22.59,24.049999,22.450001,24.0,24.0,310900
2016-03-30,24.120001000000002,24.59,23.91,24.4,24.4,291600
2016-03-31,24.33,24.9,24.32,24.67,24.67,279700
2016-04-01,24.43,25.049999,24.34,24.99,24.99,333700
2016-04-04,25.049999,25.466,24.9,25.360001,25.360001,387100
2016-04-05,24.555,25.35,23.790001,25.15,25.15,234800
2016-04-06,25.219998999999998,25.690001000000002,24.92,25.620001000000002,25.620001000000002,313400
2016-04-07,25.469998999999998,25.9,24.92,25.6,25.6,424100
2016-04-08,25.790001,26.0,25.16,25.33,25.33,443100
2016-04-11,25.41,25.555,24.215,24.27,24.27,245000
2016-04-12,24.35,25.33,24.32,25.299999,25.299999,1000200
2016-04-13,25.559998999999998,26.450001,25.459999,25.860001,25.860001,368500
2016-04-14,25.73,25.73,25.15,25.299999,25.299999,235100
2016-04-15,25.23,25.41,24.860001,25.129998999999998,25.129998999999998,233600
2016-04-18,24.620001000000002,25.469998999999998,24.620001000000002,25.379998999999998,25.379998999999998,222500
2016-04-19,25.43,25.65,25.145,25.25,25.25,137300
2016-04-20,25.17,25.98,25.049999,25.98,25.98,189300
2016-04-21,25.870001000000002,26.299999,25.75,25.969998999999998,25.969998999999998,257200
2016-04-22,26.07,26.75,26.07,26.35,26.35,239600
2016-04-25,26.379998999999998,26.41,25.629998999999998,25.68,25.68,277100
2016-04-26,25.719998999999998,26.09,25.4,25.66,25.66,264700
2016-04-27,25.68,26.370001000000002,25.440001000000002,25.700001,25.700001,181300
2016-04-28,25.620001000000002,26.049999,25.440001000000002,25.83,25.83,188100
2016-04-29,25.65,25.65,24.9,25.15,25.15,206300
2016-05-02,25.18,25.41,24.68,25.360001,25.360001,192100
2016-05-03,24.98,25.73,24.799999,25.209999,25.209999,360800
2016-05-04,25.110001,25.42,25.0,25.219998999999998,25.219998999999998,180800
2016-05-05,25.25,25.385,25.129998999999998,25.35,25.35,180600
2016-05-06,25.309998999999998,25.66,25.049999,25.34,25.34,189100
2016-05-09,25.25,25.889999,25.15,25.59,25.59,314400
2016-05-10,25.610001,25.610001,25.09,25.51,25.51,133300
2016-05-11,25.540001,25.76,24.559998999999998,24.700001,24.700001,483900
2016-05-12,24.77,25.059998999999998,24.209999,24.780001000000002,24.780001000000002,299200
2016-05-13,24.620001000000002,25.0,24.049999,24.24,24.24,168400
2016-05-16,24.32,24.32,22.66,23.309998999999998,23.309998999999998,546900
2016-05-17,23.280001000000002,23.41,22.709999,22.84,22.84,359500
2016-05-18,22.76,23.742001000000002,22.4,22.98,22.98,198900
2016-05-19,22.9,23.4,22.5,22.870001000000002,22.870001000000002,103700
2016-05-20,22.99,23.52,22.99,23.469998999999998,23.469998999999998,182500
2016-05-23,23.469998999999998,23.895,23.35,23.76,23.76,125700
2016-05-24,23.92,24.610001,23.809998999999998,24.530001000000002,24.530001000000002,233500
2016-05-25,24.59,25.08,22.26,25.059998999999998,25.059998999999998,249100
2016-05-26,25.200001,25.200001,24.74,25.15,25.15,173100
2016-05-27,25.23,25.559998999999998,24.655001000000002,25.559998999999998,25.559998999999998,188400
2016-05-31,25.73,25.889999,25.33,25.809998999999998,25.809998999999998,318100
2016-06-01,25.709999,26.43,25.52,26.370001000000002,26.370001000000002,288400
2016-06-02,26.4,27.16,26.309998999999998,27.07,27.07,253000
2016-06-03,26.99,27.48,26.33,26.66,26.66,441200
2016-06-06,26.809998999999998,27.08,26.712,27.0,27.0,358600
2016-06-07,26.93,27.790001,26.915001,27.610001,27.610001,445600
2016-06-08,29.5,30.4,29.0,29.120001000000002,29.120001000000002,1240900
2016-06-09,28.82,29.209999,28.040001,28.200001,28.200001,449500
2016-06-10,28.0,29.393,27.18,29.0,29.0,421900
2016-06-13,28.68,29.16,28.52,28.969998999999998,28.969998999999998,327400
2016-06-14,28.959999,29.190001000000002,28.799999,29.110001,29.110001,295300
2016-06-15,29.1,29.440001000000002,28.85,29.1,29.1,525800
2016-06-16,28.73,29.23,27.52,29.139999,29.139999,290700
2016-06-17,29.18,29.440001000000002,28.879998999999998,29.08,29.08,743000
2016-06-20,29.440001000000002,29.74,29.030001000000002,29.629998999999998,29.629998999999998,305400
2016-06-21,29.690001000000002,29.690001000000002,28.85,29.219998999999998,29.219998999999998,341400
2016-06-22,29.190001000000002,29.75,28.530001000000002,28.66,28.66,321900
2016-06-23,28.99,29.33,28.620001000000002,29.18,29.18,310900
2016-06-24,27.870001000000002,28.68,27.134001,28.51,28.51,1350000
2016-06-27,28.059998999999998,28.27,27.360001,27.719998999999998,27.719998999999998,494200
2016-06-28,28.040001,29.530001000000002,27.860001,29.27,29.27,372500
2016-06-29,29.73,30.0,29.58,29.99,29.99,217100
2016-06-30,30.0,30.4,29.715,30.385,30.385,590100
2016-07-01,30.299999,30.700001,30.290001,30.299999,30.299999,324800
2016-07-05,30.049999,30.51,29.93,30.35,30.35,220000
2016-07-06,30.16,30.639999,30.120001000000002,30.309998999999998,30.309998999999998,173600
2016-07-07,30.43,30.77,29.975,30.16,30.16,226600
2016-07-08,30.48,31.0,30.370001000000002,30.93,30.93,340700
2016-07-11,31.0,31.690001000000002,30.955,31.23,31.23,341500
2016-07-12,31.440001000000002,31.59,31.120001000000002,31.18,31.18,269600
2016-07-13,31.27,31.540001,30.07,30.299999,30.299999,392800
2016-07-14,30.58,30.959999,30.1,30.190001000000002,30.190001000000002,269100
2016-07-15,30.43,30.43,29.879998999999998,29.99,29.99,277400
2016-07-18,29.98,30.540001,29.82,30.459999,30.459999,259400
2016-07-19,30.52,30.65,29.702,30.18,30.18,142500
2016-07-20,30.370001000000002,30.66,30.059998999999998,30.200001,30.200001,182700
2016-07-21,30.129998999999998,30.23,29.485001,29.780001000000002,29.780001000000002,150300
2016-07-22,29.75,30.0,27.451,30.0,30.0,257200
2016-07-25,29.83,29.92,29.440001000000002,29.49,29.49,194200
2016-07-26,29.540001,29.549999,29.139999,29.48,29.48,182800
2016-07-27,29.469998999999998,29.75,29.24,29.700001,29.700001,173200
2016-07-28,29.700001,29.780001000000002,29.43,29.549999,29.549999,330200
2016-07-29,29.4,29.629998999999998,29.0,29.52,29.52,218700
2016-08-01,29.450001,29.809998999999998,29.18,29.23,29.23,167900
2016-08-02,29.290001,29.5,28.52,28.59,28.59,236100
2016-08-03,28.48,28.799999,28.26,28.68,28.68,215200
2016-08-04,28.74,28.865,28.48,28.75,28.75,302400
2016-08-05,28.950001,29.129998999999998,28.74,28.83,28.83,235700
2016-08-08,28.93,29.07,28.5,28.57,28.57,177600
2016-08-09,28.58,28.700001,28.469998999999998,28.58,28.58,92800
2016-08-10,28.5,28.690001000000002,28.120001000000002,28.32,28.32,187100
2016-08-11,28.35,28.719998999999998,28.33,28.67,28.67,352800
2016-08-12,28.639999,29.0,28.52,29.0,29.0,144100
2016-08-15,28.9,29.459999,28.709999,29.17,29.17,376000
2016-08-16,29.15,29.459999,28.98,29.4,29.4,198400
2016-08-17,29.41,29.601999,28.788,29.379998999999998,29.379998999999998,164300
2016-08-18,29.35,30.0,29.309998999999998,29.91,29.91,199600
2016-08-19,29.73,29.969998999999998,29.65,29.719998999999998,29.719998999999998,252400
2016-08-22,29.469998999999998,29.58,28.389999,28.540001,28.540001,301100
2016-08-23,28.629998999999998,30.41,28.59,30.32,30.32,436600
2016-08-24,30.32,30.9,30.290001,30.57,30.57,336800
2016-08-25,30.5,30.610001,30.27,30.52,30.52,218400
2016-08-26,30.59,31.309998999999998,30.51,31.26,31.26,266500
2016-08-29,31.299999,32.0,31.299999,31.99,31.99,657300
2016-08-30,31.92,33.0,31.875,33.0,33.0,832600
2016-08-31,33.0,33.0,31.84,32.560001,32.560001,531900
2016-09-01,32.439999,32.740002000000004,31.98,32.5,32.5,293300
2016-09-02,32.779999,33.619999,32.349998,33.549999,33.549999,329900
2016-09-06,33.740002000000004,34.0,33.150002,33.860001000000004,33.860001000000004,731700
2016-09-07,34.360001000000004,35.32,33.895,34.560001,34.560001,1250700
2016-09-08,34.709998999999996,35.057999,34.639998999999996,35.0,35.0,368600
2016-09-09,34.549999,34.740002000000004,33.259997999999996,33.310001,33.310001,423900
2016-09-12,33.290001000000004,33.689999,32.700001,33.645,33.645,780300
2016-09-13,33.439999,33.75,32.601002,33.630001,33.630001,323800
2016-09-14,33.779999,34.310001,33.561001,33.66,33.66,286700
2016-09-15,33.5,33.970001,32.830002,33.919998,33.919998,445500
2016-09-16,33.919998,34.740002000000004,33.84,34.68,34.68,1498500
2016-09-19,34.75,35.25,34.75,34.93,34.93,480300
2016-09-20,35.0,35.610001000000004,34.810001,35.450001,35.450001,434000
2016-09-21,35.669998,36.799999,35.599998,36.200001,36.200001,849100
2016-09-22,36.200001,37.5,36.060001,37.5,37.5,671300
2016-09-23,37.310001,37.48,36.830002,37.0,37.0,297200
2016-09-26,37.07,37.119999,36.709998999999996,36.810001,36.810001,287700
2016-09-27,36.91,37.59,36.84,37.48,37.48,325100
2016-09-28,37.549999,37.959998999999996,37.029999,37.790001000000004,37.790001000000004,445200
2016-09-29,37.669998,38.0,37.150002,37.34,37.34,340200
2016-09-30,37.66,38.0,36.720001,37.849998,37.849998,432900
2016-10-03,37.689999,38.099998,37.415001000000004,37.869999,37.869999,715300
2016-10-04,38.060001,38.23,37.103001,37.57,37.57,372500
2016-10-05,37.689999,38.305,37.580002,38.099998,38.099998,352900
2016-10-06,37.880001,38.264998999999996,37.580002,37.939999,37.939999,413800
2016-10-07,38.060001,38.154999,37.139998999999996,37.919998,37.919998,397800
2016-10-10,38.25,38.799999,38.130001,38.439999,38.439999,276400
2016-10-11,38.509997999999996,38.740002000000004,37.717999,37.849998,37.849998,304300
2016-10-12,37.869999,38.130001,37.189999,37.23,37.23,254200
2016-10-13,37.029999,37.053001,35.669998,36.139998999999996,36.139998999999996,521500
2016-10-14,36.290001000000004,36.75,36.189999,36.610001000000004,36.610001000000004,249600
2016-10-17,36.48,37.529999,36.240002000000004,36.75,36.75,810700
2016-10-18,37.099998,37.139998999999996,36.080002,36.400002,36.400002,681100
2016-10-19,36.52,36.994999,36.16,36.740002000000004,36.740002000000004,357800
2016-10-20,35.799999,36.200001,34.921001000000004,35.900002,35.900002,1699100
2016-10-21,35.889998999999996,36.080002,35.490002000000004,35.630001,35.630001,464300
2016-10-24,35.709998999999996,36.139998999999996,35.400002,35.43,35.43,441800
2016-10-25,35.52,35.59,34.09,34.41,34.41,500500
2016-10-26,34.450001,34.639998999999996,34.009997999999996,34.169998,34.169998,518600
2016-10-27,34.189999,34.652,33.330002,33.490002000000004,33.490002000000004,558600
2016-10-28,33.880001,33.880001,33.044998,33.060001,33.060001,568200
2016-10-31,33.299999,33.32,33.02,33.23,33.23,495900
2016-11-01,33.360001000000004,33.360001000000004,32.060001,32.389998999999996,32.389998999999996,415600
2016-11-02,32.419998,32.419998,30.870001000000002,31.290001,31.290001,729100
2016-11-03,31.24,31.57,30.83,30.83,30.83,334000
2016-11-04,30.74,31.254998999999998,30.34,30.700001,30.700001,454100
2016-11-07,31.33,31.959999,31.280001000000002,31.620001000000002,31.620001000000002,590700
2016-11-08,31.51,31.610001,30.950001,31.190001000000002,31.190001000000002,329400
2016-11-09,31.25,35.209998999999996,30.360001,34.950001,34.950001,2127000
2016-11-10,35.060001,38.990002000000004,35.060001,38.34,38.34,1271500
2016-11-11,38.360001000000004,40.740002000000004,38.068001,40.119999,40.119999,1414400
2016-11-14,40.970001,41.889998999999996,40.0,41.759997999999996,41.759997999999996,752400
2016-11-15,41.740002000000004,41.849998,39.919998,40.009997999999996,40.009997999999996,847800
2016-11-16,40.009997999999996,40.557999,39.400002,40.0,40.0,706200
2016-11-17,40.09,41.650002,39.91,41.540001000000004,41.540001000000004,394400
2016-11-18,41.580002,41.619999,41.02,41.16,41.16,357600
2016-11-21,41.419998,41.450001,40.779999,41.310001,41.310001,591000
2016-11-22,41.360001000000004,42.450001,41.360001000000004,42.150002,42.150002,542700
2016-11-23,42.310001,43.23,41.862999,43.189999,43.189999,359300
2016-11-25,43.25,43.529999,42.830002,43.52,43.52,105200
2016-11-28,43.169998,43.799999,43.080002,43.400002,43.400002,462100
2016-11-29,43.790001000000004,44.91,43.540001000000004,44.650002,44.650002,648200
2016-11-30,45.0,45.0,43.959998999999996,44.529999,44.529999,619400
2016-12-01,44.560001,44.98,42.669998,42.93,42.93,699200
2016-12-02,43.029999,43.169998,41.560001,42.099998,42.099998,779100
2016-12-05,42.25,42.84,41.43,41.959998999999996,41.959998999999996,683200
2016-12-06,42.25,42.450001,40.34,40.799999,40.799999,1146700
2016-12-07,39.48,42.349998,39.150002,41.490002000000004,41.490002000000004,1167000
2016-12-08,41.41,41.700001,40.779999,41.259997999999996,41.259997999999996,480500
2016-12-09,41.240002000000004,41.450001,40.560001,40.939999,40.939999,496700
2016-12-12,40.880001,41.16,40.130001,40.990002000000004,40.990002000000004,471400
2016-12-13,41.580002,42.400002,41.139998999999996,41.860001000000004,41.860001000000004,500900
2016-12-14,41.48,41.974998,41.049999,41.310001,41.310001,355200
2016-12-15,41.529999,42.869999,41.259997999999996,42.48,42.48,497400
2016-12-16,42.610001000000004,42.77,40.91,40.98,40.98,973100
2016-12-19,41.009997999999996,41.009997999999996,39.970001,40.189999,40.189999,520400
2016-12-20,40.240002000000004,40.34,39.939999,40.290001000000004,40.290001000000004,397900
2016-12-21,40.43,40.639998999999996,40.049999,40.150002,40.150002,313800
2016-12-22,40.080002,40.66,39.93,40.529999,40.529999,240400
2016-12-23,40.25,41.310001,40.240002000000004,40.900002,40.900002,217200
2016-12-27,40.849998,41.880001,40.830002,41.400002,41.400002,225100
2016-12-28,41.549999,41.77,40.75,41.049999,41.049999,242000
2016-12-29,41.049999,42.0,40.57,41.18,41.18,350900
2016-12-30,41.200001,41.299999,40.310001,40.52,40.52,262900
2017-01-03,40.959998999999996,41.130001,39.939999,40.189999,40.189999,415200
2017-01-04,40.470001,41.169998,40.099998,40.82,40.82,348700
2017-01-05,40.860001000000004,41.369999,40.509997999999996,40.779999,40.779999,350200
2017-01-06,40.630001,41.099998,40.099998,40.459998999999996,40.459998999999996,309400
2017-01-09,40.529999,43.09,40.080002,42.959998999999996,42.959998999999996,934600
2017-01-10,44.25,47.380001,43.060001,47.040001000000004,47.040001000000004,1797200
2017-01-11,46.889998999999996,47.5,46.18,47.029999,47.029999,705900
2017-01-12,47.049999,48.209998999999996,46.799999,47.939999,47.939999,523100
2017-01-13,48.09,48.75,47.330002,47.830002,47.830002,613300
2017-01-17,47.919998,47.919998,47.02,47.470001,47.470001,466000
2017-01-18,47.799999,48.689999,47.07,48.610001000000004,48.610001000000004,450200
2017-01-19,48.389998999999996,48.77,47.91,48.02,48.02,1384000
2017-01-20,47.900002,48.169998,46.91,47.689999,47.689999,508300
2017-01-23,47.52,49.240002000000004,47.16,48.060001,48.060001,428100
2017-01-24,48.709998999999996,49.25,45.57,47.25,47.25,679800
2017-01-25,47.369999,48.139998999999996,47.27,47.900002,47.900002,322300
2017-01-26,47.950001,48.07,47.161999,47.529999,47.529999,318800
2017-01-27,47.75,47.952,46.099998,47.380001,47.380001,540000
2017-01-30,47.490002000000004,47.490002000000004,45.939999,46.080002,46.080002,488800
2017-01-31,45.669998,46.709998999999996,45.080002,46.25,46.25,574000
2017-02-01,46.68,47.139998999999996,46.029999,46.400002,46.400002,309400
2017-02-02,46.27,47.299999,46.060001,46.34,46.34,307800
2017-02-03,46.41,47.91,46.349998,47.330002,47.330002,621700
2017-02-06,47.389998999999996,47.794998,46.630001,47.0,47.0,371100
2017-02-07,47.0,47.75,43.029999,43.540001000000004,43.540001000000004,1507900
2017-02-08,43.200001,43.639998999999996,41.299999,43.0,43.0,828100
2017-02-09,43.060001,44.644001,42.889998999999996,43.990002000000004,43.990002000000004,812200
2017-02-10,44.0,44.029999,42.959998999999996,43.610001000000004,43.610001000000004,405700
2017-02-13,43.720001,44.720001,43.25,43.490002000000004,43.490002000000004,568700
2017-02-14,43.490002000000004,44.240002000000004,43.404999,44.18,44.18,398200
2017-02-15,44.169998,44.290001000000004,43.450001,43.939999,43.939999,355500
2017-02-16,43.950001,44.369999,43.009997999999996,43.48,43.48,320600
2017-02-17,43.349998,43.349998,42.599998,42.830002,42.830002,484600
2017-02-21,42.950001,43.580002,42.396999,43.290001000000004,43.290001000000004,457700
2017-02-22,43.02,43.310001,42.195,42.349998,42.349998,344600
2017-02-23,42.5,42.5,40.240002000000004,41.439999,41.439999,589300
2017-02-24,41.130001,42.68,41.130001,42.189999,42.189999,1002600
2017-02-27,42.169998,44.009997999999996,42.169998,43.959998999999996,43.959998999999996,424500
2017-02-28,44.23,44.237999,43.52,43.700001,43.700001,815900
2017-03-01,44.16,44.669998,43.540001000000004,44.52,44.52,702900
2017-03-02,44.400002,44.400002,42.889998999999996,43.014998999999996,43.014998999999996,402700
2017-03-03,43.130001,43.619999,42.759997999999996,43.540001000000004,43.540001000000004,192200
2017-03-06,43.709998999999996,44.028,43.0,43.860001000000004,43.860001000000004,289000
2017-03-07,44.119999,44.119999,43.259997999999996,43.610001000000004,43.610001000000004,340500
2017-03-08,43.779999,43.869999,41.830002,41.93,41.93,467800
2017-03-09,41.849998,42.290001000000004,41.123001,41.630001,41.630001,484200
2017-03-10,41.740002000000004,42.34,41.580002,41.689999,41.689999,296300
2017-03-13,41.59,43.740002000000004,41.59,43.639998999999996,43.639998999999996,444300
2017-03-14,44.27,44.849998,43.759997999999996,44.630001,44.630001,415600
2017-03-15,44.75,46.130001,44.737,45.880001,45.880001,783400
2017-03-16,46.330002,46.679001,45.16,45.57,45.57,429500
2017-03-17,45.330002,46.529999,45.07,46.189999,46.189999,1040700
2017-03-20,45.919998,46.619999,45.110001000000004,45.939999,45.939999,556700
2017-03-21,46.599998,46.599998,43.380001,43.630001,43.630001,742700
2017-03-22,46.029999,47.34,43.470001,43.830002,43.830002,949200
2017-03-23,43.310001,43.310001,41.099998,42.549999,42.549999,964100
2017-03-24,41.950001,43.32,40.009997999999996,40.400002,40.400002,1197800
2017-03-27,39.0,41.349998,37.619999,41.279999,41.279999,1204200
2017-03-28,41.16,41.450001,38.790001000000004,39.529999,39.529999,967600
2017-03-29,39.419998,40.450001,39.150002,40.029999,40.029999,571400
2017-03-30,39.98,41.02,39.93,40.84,40.84,384500
2017-03-31,41.060001,42.900002,41.060001,42.450001,42.450001,871700
2017-04-03,42.369999,42.73,41.5,41.73,41.73,527600
2017-04-04,41.889998999999996,43.290001000000004,41.889998999999996,42.290001000000004,42.290001000000004,339800
2017-04-05,42.419998,43.139,42.029999,42.490002000000004,42.490002000000004,747800
2017-04-06,42.560001,42.98,42.220001,42.669998,42.669998,367000
2017-04-07,42.490002000000004,43.459998999999996,42.490002000000004,43.150002,43.150002,460800
2017-04-10,43.029999,43.91,43.009997999999996,43.5,43.5,705900
2017-04-11,43.290001000000004,44.099998,43.110001000000004,44.07,44.07,308300
2017-04-12,44.080002,44.342999,43.27,43.41,43.41,409700
2017-04-13,43.150002,43.689999,42.609001,43.09,43.09,242600
2017-04-17,43.18,43.799999,42.907001,43.709998999999996,43.709998999999996,271100
2017-04-18,43.48,43.939999,42.32,43.009997999999996,43.009997999999996,635800
2017-04-19,43.099998,43.959998999999996,42.970001,43.27,43.27,503800
2017-04-20,43.82,45.634997999999996,43.009997999999996,45.540001000000004,45.540001000000004,528100
2017-04-21,45.34,45.34,44.41,44.779999,44.779999,418500
2017-04-24,45.57,45.57,44.09,44.369999,44.369999,498900
2017-04-25,44.66,44.84,44.259997999999996,44.380001,44.380001,415200
2017-04-26,44.360001000000004,45.139998999999996,44.25,44.299999,44.299999,474900
2017-04-27,44.48,45.099998,44.169998,44.400002,44.400002,440900
2017-04-28,44.349998,45.68,44.279999,45.52,45.52,654500
2017-05-01,45.580002,46.349998,44.970001,46.099998,46.099998,454400
2017-05-02,46.130001,46.775002,45.799999,46.349998,46.349998,313100
2017-05-03,46.25,46.25,44.830002,44.919998,44.919998,313000
2017-05-04,45.02,46.439999,44.150002,46.110001000000004,46.110001000000004,555800
2017-05-05,46.439999,46.439999,45.474998,46.18,46.18,325900
2017-05-08,46.189999,46.34,44.59,44.650002,44.650002,375800
2017-05-09,44.549999,44.990002000000004,43.889998999999996,44.91,44.91,442600
2017-05-10,44.880001,46.849998,44.594002,46.220001,46.220001,363800
2017-05-11,46.09,46.470001,45.555,46.080002,46.080002,256800
2017-05-12,46.009997999999996,46.209998999999996,45.549999,45.68,45.68,186700
2017-05-15,45.830002,46.16,45.349998,45.630001,45.630001,339800
2017-05-16,45.639998999999996,45.904999,44.939999,45.630001,45.630001,407900
2017-05-17,44.900002,45.25,44.290001000000004,44.299999,44.299999,374100
2017-05-18,44.110001000000004,45.099998,43.509997999999996,44.580002,44.580002,233700
2017-05-19,44.639998999999996,45.397999,44.43,44.73,44.73,312700
2017-05-22,44.84,44.873001,44.290001000000004,44.68,44.68,242600
2017-05-23,44.82,45.380001,44.200001,45.139998999999996,45.139998999999996,207800
2017-05-24,45.119999,45.700001,44.98,44.990002000000004,44.990002000000004,217900
2017-05-25,45.23,46.209998999999996,45.150002,46.099998,46.099998,272300
2017-05-26,46.110001000000004,46.5,44.049999,45.279999,45.279999,280400
2017-05-30,44.860001000000004,45.700001,44.860001000000004,45.23,45.23,165900
2017-05-31,45.43,46.400002,44.77,45.799999,45.799999,378200
2017-06-01,45.330002,47.98,45.330002,47.450001,47.450001,601100
2017-06-02,47.57,49.0,47.290001000000004,48.060001,48.060001,607600
2017-06-05,48.200001,48.971001,46.860001000000004,48.41,48.41,609900
2017-06-06,48.91,49.689999,47.610001000000004,48.490002000000004,48.490002000000004,947000
2017-06-07,48.799999,52.830002,48.5,52.68,52.68,2220700
2017-06-08,53.0,54.950001,52.431999,54.470001,54.470001,1267400
2017-06-09,54.5,54.720001,50.099998,52.0,52.0,1131500
2017-06-12,51.16,51.759997999999996,50.259997999999996,50.709998999999996,50.709998999999996,502200
2017-06-13,51.060001,52.630001,50.68,51.98,51.98,721100
2017-06-14,51.700001,52.110001000000004,50.950001,51.57,51.57,758900
2017-06-15,50.740002000000004,50.990002000000004,49.59,50.990002000000004,50.990002000000004,437500
2017-06-16,50.700001,51.799999,50.32,51.189999,51.189999,448800
2017-06-19,51.630001,52.25,51.200001,51.400002,51.400002,355100
2017-06-20,51.630001,51.970001,51.263,51.68,51.68,372800
2017-06-21,51.880001,52.247002,51.299999,51.439999,51.439999,482200
2017-06-22,51.599998,52.060001,50.849998,51.049999,51.049999,313700
2017-06-23,50.91,52.025002,50.751999,51.75,51.75,1122200
2017-06-26,52.07,52.610001000000004,50.599998,51.119999,51.119999,299000
2017-06-27,51.009997999999996,51.869999,50.389998999999996,50.43,50.43,283000
2017-06-28,50.639998999999996,51.380001,49.25,51.169998,51.169998,434200
2017-06-29,51.32,51.560001,48.32,49.560001,49.560001,658900
2017-06-30,49.610001000000004,49.959998999999996,48.375,49.830002,49.830002,336400
2017-07-03,50.209998999999996,50.608002,49.150002,49.279999,49.279999,312000
2017-07-05,49.75,50.560001,49.328998999999996,50.240002000000004,50.240002000000004,313600
2017-07-06,49.849998,50.16,48.240002000000004,48.299999,48.299999,422800
2017-07-07,48.419998,50.330002,48.419998,50.189999,50.189999,522000
2017-07-10,50.0,50.584998999999996,48.349998,48.455002,48.455002,477500
2017-07-11,48.459998999999996,49.790001000000004,48.419998,49.759997999999996,49.759997999999996,379900
2017-07-12,49.98,51.439999,49.98,51.349998,51.349998,942300
2017-07-13,51.349998,51.789001,50.800999,51.389998999999996,51.389998999999996,656500
2017-07-14,51.400002,51.849998,50.900002,50.959998999999996,50.959998999999996,271800
2017-07-17,51.049999,51.330002,49.900002,51.080002,51.080002,411500
2017-07-18,50.810001,50.91,48.779999,49.09,49.09,656000
2017-07-19,49.080002,49.250999,47.631001,48.299999,48.299999,750600
2017-07-20,48.299999,48.664001,46.740002000000004,47.639998999999996,47.639998999999996,837500
2017-07-21,48.130001,48.137001,47.060001,47.380001,47.380001,349500
2017-07-24,47.389998999999996,48.740002000000004,47.029999,48.709998999999996,48.709998999999996,368500
2017-07-25,48.869999,49.98,48.18,49.349998,49.349998,317600
2017-07-26,49.290001000000004,49.290001000000004,47.779999,48.82,48.82,248900
2017-07-27,48.900002,49.34,46.950001,47.889998999999996,47.889998999999996,343300
2017-07-28,47.34,47.849998,46.619999,47.259997999999996,47.259997999999996,402600
2017-07-31,47.25,47.359001,45.700001,45.869999,45.869999,463700
2017-08-01,46.130001,47.369999,45.740002000000004,47.209998999999996,47.209998999999996,366200
2017-08-02,47.27,47.470001,46.02,46.080002,46.080002,297900
2017-08-03,46.169998,47.290001000000004,45.950001,46.509997999999996,46.509997999999996,241600
2017-08-04,46.73,47.261002000000005,46.619999,46.77,46.77,185000
2017-08-07,46.84,48.279999,46.459998999999996,48.169998,48.169998,290400
2017-08-08,48.23,48.360001000000004,47.290001000000004,47.52,47.52,198500
2017-08-09,47.299999,48.009997999999996,46.869999,47.48,47.48,236200
2017-08-10,47.259997999999996,47.259997999999996,45.75,46.139998999999996,46.139998999999996,327400
2017-08-11,46.360001000000004,46.950001,44.91,44.93,44.93,579300
2017-08-14,45.43,46.860001000000004,44.849998,46.790001000000004,46.790001000000004,416300
2017-08-15,46.84,47.060001,46.16,46.650002,46.650002,163400
2017-08-16,46.900002,47.299999,45.290001000000004,45.459998999999996,45.459998999999996,520500
2017-08-17,45.25,45.740002000000004,44.02,44.080002,44.080002,433200
2017-08-18,43.73,43.73,41.310001,42.080002,42.080002,1305700
2017-08-21,42.220001,43.580002,41.620998,43.07,43.07,664300
2017-08-22,43.009997999999996,43.849998,42.360001000000004,43.150002,43.150002,385500
2017-08-23,42.77,42.970001,42.23,42.490002000000004,42.490002000000004,337300
2017-08-24,42.509997999999996,42.68,41.299999,41.549999,41.549999,444100
2017-08-25,41.68,41.959998999999996,40.75,40.880001,40.880001,413500
2017-08-28,41.040001000000004,41.775002,40.380001,40.599998,40.599998,1030600
2017-08-29,40.25,42.150002,40.209998999999996,41.529999,41.529999,1610500
2017-08-30,41.43,41.970001,41.248001,41.610001000000004,41.610001000000004,805100
2017-08-31,41.619999,43.215,41.619999,42.77,42.77,619500
2017-09-01,42.98,42.98,41.900002,42.130001,42.130001,499200
2017-09-05,41.75,42.41,41.279999,41.950001,41.950001,624300
2017-09-06,45.5,47.959998999999996,44.560001,45.220001,45.220001,2184400
2017-09-07,45.189999,45.509997999999996,43.43,43.950001,43.950001,783000
2017-09-08,43.919998,44.849998,43.099998,44.639998999999996,44.639998999999996,698200
2017-09-11,45.43,45.580002,44.52,45.16,45.16,558000
2017-09-12,45.220001,46.080002,45.200001,45.43,45.43,416400
2017-09-13,45.41,45.82,45.060001,45.77,45.77,472900
2017-09-14,45.349998,46.599998,45.0,45.82,45.82,541800
2017-09-15,45.919998,46.029999,44.779999,45.119999,45.119999,1500200
2017-09-18,45.119999,45.880001,44.650002,45.77,45.77,390100
2017-09-19,45.779999,47.580002,45.460999,47.380001,47.380001,998500
2017-09-20,47.34,48.950001,46.509997999999996,48.66,48.66,900000
2017-09-21,48.619999,49.479,47.950001,47.950001,47.950001,512900
2017-09-22,48.02,48.790001000000004,47.259997999999996,47.349998,47.349998,692300
2017-09-25,47.34,47.560001,45.209998999999996,47.139998999999996,47.139998999999996,613800
2017-09-26,47.360001000000004,48.189999,46.82,47.860001000000004,47.860001000000004,386100
2017-09-27,48.360001000000004,50.27,48.099998,50.169998,50.169998,673000
2017-09-28,50.150002,50.380001,48.91,49.779999,49.779999,463900
2017-09-29,49.98,50.639998999999996,49.139998999999996,50.580002,50.580002,461400
2017-10-02,50.799999,51.689999,50.610001000000004,51.450001,51.450001,418200
2017-10-03,51.580002,52.0,51.060001,51.939999,51.939999,575300
2017-10-04,52.0,52.869999,51.689999,52.130001,52.130001,537100
2017-10-05,52.0,52.341,51.529999,51.869999,51.869999,571100
2017-10-06,51.84,52.060001,51.556,51.91,51.91,335900
2017-10-09,51.849998,52.130001,51.16,51.349998,51.349998,209100
2017-10-10,51.619999,51.880001,51.290001000000004,51.34,51.34,323400
2017-10-11,51.43,51.68,51.134997999999996,51.32,51.32,293400
2017-10-12,51.330002,51.93,51.119999,51.389998999999996,51.389998999999996,227700
2017-10-13,51.16,51.400002,50.470001,50.669998,50.669998,285900
2017-10-16,50.5,50.639998999999996,49.740002000000004,50.16,50.16,228000
2017-10-17,50.0,50.779999,49.43,49.830002,49.830002,272400
2017-10-18,50.029999,50.465,49.599998,50.130001,50.130001,279300
2017-10-19,49.75,50.16,49.380001,49.939999,49.939999,409300
2017-10-20,50.400002,50.494999,49.490002000000004,49.799999,49.799999,465900
2017-10-23,49.830002,51.310001,49.779999,51.09,51.09,352800
2017-10-24,51.209998999999996,51.540001000000004,49.130001,49.200001,49.200001,345400
2017-10-25,49.099998,49.240002000000004,46.720001,48.599998,48.599998,319000
2017-10-26,48.73,49.34,48.25,49.18,49.18,325200
2017-10-27,49.330002,50.130001,49.060001,49.779999,49.779999,308100
2017-10-30,49.369999,49.514998999999996,48.369999,49.029999,49.029999,247100
2017-10-31,49.009997999999996,50.830002,48.82,50.220001,50.220001,276000
2017-11-01,50.580002,50.959998999999996,49.259997999999996,50.450001,50.450001,319700
2017-11-02,50.450001,51.18,50.09,50.52,50.52,319600
2017-11-03,50.529999,51.169998,50.09,50.810001,50.810001,322400
2017-11-06,51.0,55.310001,50.999001,53.959998999999996,53.959998999999996,1826500
2017-11-07,54.52,54.939999,48.880001,49.310001,49.310001,1370400
2017-11-08,48.310001,50.23,45.959998999999996,50.049999,50.049999,486500
2017-11-09,49.759997999999996,50.779999,49.191002000000005,50.77,50.77,359400
2017-11-10,50.220001,50.630001,48.851002,49.740002000000004,49.740002000000004,308200
2017-11-13,49.349998,50.509997999999996,48.040001000000004,50.049999,50.049999,223600
2017-11-14,49.599998,50.130001,48.561001,49.77,49.77,383900
2017-11-15,49.650002,51.080002,48.98,49.860001000000004,49.860001000000004,448800
2017-11-16,50.099998,51.330002,50.0,50.740002000000004,50.740002000000004,205700
2017-11-17,50.52,51.828998999999996,49.889998999999996,50.169998,50.169998,238700
2017-11-20,50.18,50.389998999999996,49.060001,50.009997999999996,50.009997999999996,280200
2017-11-21,50.220001,51.43,50.131001,51.310001,51.310001,320800
2017-11-22,51.41,51.950001,49.02,50.900002,50.900002,258500
2017-11-24,50.950001,51.615002000000004,50.799999,51.5,51.5,90700
2017-11-27,51.669998,52.349998,50.740002000000004,50.799999,50.799999,239600
2017-11-28,50.91,51.259997999999996,49.619999,51.220001,51.220001,308500
2017-11-29,51.23,52.119999,50.990002000000004,51.290001000000004,51.290001000000004,216400
2017-11-30,51.59,52.759997999999996,51.290001000000004,51.869999,51.869999,400900
2017-12-01,51.990002000000004,51.990002000000004,48.834998999999996,51.459998999999996,51.459998999999996,380600
2017-12-04,51.73,52.485001000000004,48.5,48.860001000000004,48.860001000000004,510200
2017-12-05,48.299999,49.509997999999996,45.970001,48.490002000000004,48.490002000000004,516400
2017-12-06,47.0,48.52,43.369999,46.005001,46.005001,1624500
2017-12-07,46.310001,48.25,45.639998999999996,47.880001,47.880001,1084700
2017-12-08,47.98,48.174999,45.299999,45.720001,45.720001,783500
2017-12-11,45.720001,46.060001,43.529999,43.689999,43.689999,836000
2017-12-12,44.060001,44.529999,42.919998,43.759997999999996,43.759997999999996,775500
2017-12-13,43.77,44.889998999999996,43.095001,44.540001000000004,44.540001000000004,520800
2017-12-14,44.73,45.849998,44.080002,44.799999,44.799999,603200
2017-12-15,44.91,45.959998999999996,44.669998,45.889998999999996,45.889998999999996,1329000
2017-12-18,46.139998999999996,47.18,45.25,46.139998999999996,46.139998999999996,481300
2017-12-19,46.09,47.720001,46.09,47.610001000000004,47.610001000000004,670800
2017-12-20,47.330002,48.549999,47.110001000000004,48.509997999999996,48.509997999999996,731900
2017-12-21,48.650002,49.060001,48.130001,48.759997999999996,48.759997999999996,635100
2017-12-22,48.759997999999996,49.189999,48.400002,48.799999,48.799999,584100
2017-12-26,48.57,49.470001,47.919998,48.810001,48.810001,484900
2017-12-27,48.98,49.880001,48.18,48.209998999999996,48.209998999999996,365900
2017-12-28,48.25,48.259997999999996,46.580002,47.389998999999996,47.389998999999996,447500
2017-12-29,47.540001000000004,48.400002,46.639998999999996,46.66,46.66,323400
2018-01-02,46.990002000000004,47.525002,46.080002,46.470001,46.470001,501700
2018-01-03,46.41,47.68,46.41,47.279999,47.279999,508500
2018-01-04,48.060001,48.796001000000004,47.860001000000004,48.02,48.02,396800
2018-01-05,48.169998,48.880001,47.409,48.439999,48.439999,427900
2018-01-08,48.459998999999996,49.419998,47.310001,49.389998999999996,49.389998999999996,550400
2018-01-09,49.27,49.490002000000004,48.349998,49.41,49.41,800400
2018-01-10,49.419998,49.790001000000004,48.439999,48.810001,48.810001,334900
2018-01-11,48.82,49.419998,48.509997999999996,48.950001,48.950001,236600
2018-01-12,48.860001000000004,49.389998999999996,48.639998999999996,48.919998,48.919998,231700
2018-01-16,49.139998999999996,49.73,48.540001000000004,49.080002,49.080002,366300
2018-01-17,49.34,49.389998999999996,47.66,48.099998,48.099998,481400
2018-01-18,48.209998999999996,49.27,48.029999,48.400002,48.400002,290000
2018-01-19,48.389998999999996,48.669998,48.0,48.209998999999996,48.209998999999996,448100
2018-01-22,48.220001,48.779999,47.720001,48.759997999999996,48.759997999999996,281200
2018-01-23,48.939999,49.209998999999996,48.029999,49.080002,49.080002,511700
2018-01-24,49.080002,49.459998999999996,48.389998999999996,48.900002,48.900002,375400
2018-01-25,49.080002,50.349998,48.009997999999996,50.330002,50.330002,570400
2018-01-26,50.439999,50.594002,49.869999,50.200001,50.200001,297400
2018-01-29,49.919998,52.43,49.919998,51.830002,51.830002,476500
2018-01-30,51.220001,51.775002,49.869999,51.099998,51.099998,271700
2018-01-31,51.200001,51.75,50.529999,50.619999,50.619999,315000
2018-02-01,50.689999,50.965,49.709998999999996,50.41,50.41,361100
2018-02-02,49.880001,51.200001,49.77,49.849998,49.849998,250700
2018-02-05,49.66,51.139998999999996,49.23,50.200001,50.200001,523800
2018-02-06,49.040001000000004,51.779999,47.500999,51.450001,51.450001,632700
2018-02-07,51.639998999999996,51.849998,47.23,49.93,49.93,1700000
2018-02-08,50.0,51.505001,49.759997999999996,50.990002000000004,50.990002000000004,878300
2018-02-09,51.529999,51.860001000000004,50.240002000000004,51.290001000000004,51.290001000000004,465500
2018-02-12,51.540001000000004,53.580002,51.299999,52.650002,52.650002,979900
2018-02-13,52.700001,54.0,52.200001,53.360001000000004,53.360001000000004,786600
2018-02-14,53.349998,55.0,53.349998,54.689999,54.689999,830400
2018-02-15,54.790001000000004,55.290001000000004,54.57,54.709998999999996,54.709998999999996,521900
2018-02-16,54.66,55.34,54.310001,54.860001000000004,54.860001000000004,557300
2018-02-20,54.950001,56.810001,54.880001,55.919998,55.919998,1099900
2018-02-21,56.299999,57.720001,56.27,56.709998999999996,56.709998999999996,988600
2018-02-22,56.77,57.310001,50.68,50.740002000000004,50.740002000000004,1268600
2018-02-23,49.5,52.619999,47.327999,52.505001,52.505001,1727000
2018-02-26,52.549999,55.040001000000004,52.549999,54.990002000000004,54.990002000000004,870100
2018-02-27,54.98,56.400002,54.75,56.25,56.25,884100
2018-02-28,56.630001,58.279999,56.369999,57.580002,57.580002,1211200
2018-03-01,57.549999,57.549999,53.959998999999996,54.0,54.0,832200
2018-03-02,53.549999,55.43,53.0,55.349998,55.349998,481300
2018-03-05,55.34,58.189999,53.855,57.709998999999996,57.709998999999996,640200
2018-03-06,57.709998999999996,58.099998,57.140999,58.009997999999996,58.009997999999996,325100
2018-03-07,57.75,58.57,57.425999,58.549999,58.549999,415200
2018-03-08,58.759997999999996,59.189999,58.389998999999996,59.02,59.02,372500
2018-03-09,59.299999,59.990002000000004,58.849998,59.560001,59.560001,564200
2018-03-12,59.82,59.82,58.610001000000004,59.18,59.18,541300
2018-03-13,59.349998,59.869999,58.75,58.869999,58.869999,325000
2018-03-14,58.91,60.0,58.0,59.98,59.98,458200
2018-03-15,60.0,60.0,58.759997999999996,59.23,59.23,436000
2018-03-16,59.18,59.689999,58.580002,59.389998999999996,59.389998999999996,749900
2018-03-19,59.389998999999996,59.400002,57.27,57.900002,57.900002,859700
2018-03-20,60.0,65.0,58.93,64.540001,64.540001,2891800
2018-03-21,64.860001,66.25,63.75,65.459999,65.459999,1302000
2018-03-22,65.400002,68.75,65.306,66.82,66.82,2173700
2018-03-23,65.82,65.980003,62.57,63.360001000000004,63.360001000000004,1581400
2018-03-26,63.689999,64.379997,61.544998,63.5,63.5,924900
2018-03-27,63.5,63.852001,61.299999,61.720001,61.720001,636700
2018-03-28,61.450001,61.689999,59.630001,60.48,60.48,698100
2018-03-29,60.759997999999996,61.200001,59.580002,60.540001000000004,60.540001000000004,699700
2018-04-02,60.73,62.314999,59.869999,60.389998999999996,60.389998999999996,669600
2018-04-03,60.18,62.720001,59.5,62.41,62.41,606300
2018-04-04,61.689999,63.540001000000004,61.16,63.110001000000004,63.110001000000004,619800
2018-04-05,64.059998,64.199997,62.91,63.619999,63.619999,474200
2018-04-06,63.400002,64.040001,62.18,62.82,62.82,418600
2018-04-09,63.34,63.799999,62.830002,63.07,63.07,355300
2018-04-10,63.59,64.004997,62.59,63.830002,63.830002,297100
2018-04-11,63.400002,64.184998,63.029999,63.43,63.43,314000
2018-04-12,63.790001000000004,64.625,63.279999,64.239998,64.239998,420800
2018-04-13,64.470001,64.639999,63.200001,63.48,63.48,243400
2018-04-16,63.720001,64.869003,63.439999,64.199997,64.199997,475600
2018-04-17,64.83000200000001,66.33000200000001,64.779999,65.910004,65.910004,600600
2018-04-18,65.970001,66.639999,65.220001,66.089996,66.089996,410900
2018-04-19,65.93,66.989998,65.519997,66.190002,66.190002,412000
2018-04-20,65.870003,66.199997,65.029999,65.32,65.32,344600
2018-04-23,65.309998,66.559998,65.20500200000001,66.32,66.32,484100
2018-04-24,66.449997,66.57,64.309998,65.110001,65.110001,261500
2018-04-25,65.260002,65.809998,64.000999,65.559998,65.559998,203600
2018-04-26,65.75,66.709999,65.150002,66.5,66.5,282100
2018-04-27,66.32,66.879997,65.730003,66.739998,66.739998,430900
2018-04-30,66.970001,67.422997,65.269997,65.66999799999999,65.66999799999999,409100
2018-05-01,65.370003,66.16999799999999,65.019997,66.029999,66.029999,361100
2018-05-02,66.230003,67.550003,65.639999,67.279999,67.279999,628900
2018-05-03,67.050003,68.089996,66.639999,67.91999799999999,67.91999799999999,497000
2018-05-04,67.900002,70.0,67.559998,69.339996,69.339996,629600
2018-05-07,69.989998,70.144997,69.18,69.300003,69.300003,438000
2018-05-08,69.379997,70.279999,69.139999,69.91999799999999,69.91999799999999,508200
2018-05-09,69.959999,70.889999,69.58000200000001,70.459999,70.459999,354000
2018-05-10,70.459999,70.629997,69.639999,70.239998,70.239998,566700
2018-05-11,70.239998,71.620003,70.239998,71.480003,71.480003,299400
2018-05-14,71.620003,72.269997,70.349998,70.849998,70.849998,387900
2018-05-15,70.849998,71.639999,70.230003,71.279999,71.279999,294600
2018-05-16,71.5,72.0,71.0,71.690002,71.690002,352200
2018-05-17,71.709999,72.440002,71.449997,72.239998,72.239998,388300
2018-05-18,72.620003,73.833,72.43,73.720001,73.720001,469500
2018-05-21,74.0,76.758003,73.449997,74.349998,74.349998,401000
2018-05-22,74.239998,75.019997,73.750999,74.860001,74.860001,388900
2018-05-23,75.010002,76.440002,74.650002,75.839996,75.839996,554400
2018-05-24,75.83000200000001,76.129997,74.779999,75.709999,75.709999,365200
2018-05-25,75.800003,77.190002,74.620003,76.940002,76.940002,300400
2018-05-29,76.519997,76.839996,75.18,76.760002,76.760002,524800
2018-05-30,76.989998,78.099998,76.889999,78.0,78.0,448200
2018-05-31,76.449997,77.199997,73.690002,74.309998,74.309998,938900
2018-06-01,74.279999,76.239998,74.089996,76.089996,76.089996,863100
2018-06-04,76.599998,77.449997,75.190002,76.360001,76.360001,1083600
2018-06-05,78.739998,79.93,73.790001,79.739998,79.739998,1412000
2018-06-06,80.0,80.730003,79.220001,80.410004,80.410004,707200
2018-06-07,80.489998,80.5,75.730003,76.82,76.82,842700
2018-06-08,76.82,80.08000200000001,76.779999,79.57,79.57,750200
2018-06-11,79.610001,80.07,78.510002,78.559998,78.559998,429900
2018-06-12,78.459999,80.07,78.129997,79.980003,79.980003,713700
2018-06-13,80.309998,81.400002,79.790001,79.889999,79.889999,539000
2018-06-14,79.93,80.699997,78.379997,80.18,80.18,617000
2018-06-15,79.739998,81.150002,79.230003,81.010002,81.010002,726800
2018-06-18,80.82,82.0,80.279999,81.760002,81.760002,438500
2018-06-19,81.470001,81.779999,79.900002,81.459999,81.459999,381100
2018-06-20,81.639999,82.040001,81.110001,81.360001,81.360001,447600
2018-06-21,81.029999,81.040001,79.83000200000001,80.459999,80.459999,299400
2018-06-22,80.949997,81.199997,80.07,80.629997,80.629997,1077600
2018-06-25,79.709999,79.731003,76.185997,76.82,76.82,679300
2018-06-26,77.059998,77.558998,76.519997,77.089996,77.089996,499500
2018-06-27,77.540001,77.540001,74.089996,74.209999,74.209999,718000
2018-06-28,73.980003,77.400002,70.16100300000001,77.050003,77.050003,743600
2018-06-29,78.639999,78.800003,74.83000200000001,75.099998,75.099998,541100
2018-07-02,74.43,77.128998,74.050003,77.07,77.07,635300
2018-07-03,77.800003,77.879997,76.720001,76.940002,76.940002,344200
2018-07-05,77.410004,77.839996,76.629997,77.800003,77.800003,364800
2018-07-06,77.470001,79.339996,76.533997,78.550003,78.550003,353700
2018-07-09,79.989998,80.629997,78.709999,79.989998,79.989998,462000
2018-07-10,80.290001,81.18,79.059998,79.650002,79.650002,398500
2018-07-11,79.400002,80.160004,78.660004,79.75,79.75,207300
2018-07-12,80.110001,80.209999,79.279999,79.959999,79.959999,378700
2018-07-13,79.629997,80.709999,79.01799799999999,80.230003,80.230003,317100
2018-07-16,80.440002,81.019997,79.985001,80.18,80.18,201200
2018-07-17,80.0,81.449997,79.730003,81.400002,81.400002,298900
2018-07-18,81.68,81.800003,80.709999,81.510002,81.510002,204300
2018-07-19,81.489998,82.209999,80.93,81.980003,81.980003,360100
2018-07-20,81.639999,82.730003,80.596001,82.339996,82.339996,256700
2018-07-23,82.08000200000001,83.339996,81.389999,82.470001,82.470001,308400
2018-07-24,82.949997,83.010002,79.20099599999999,79.849998,79.849998,362200
2018-07-25,79.480003,82.610001,79.480003,82.279999,82.279999,282900
2018-07-26,82.040001,82.690002,80.610001,82.559998,82.559998,216900
2018-07-27,82.540001,82.709999,75.810997,76.400002,76.400002,522900
2018-07-30,76.529999,77.040001,73.660004,74.120003,74.120003,574500
2018-07-31,73.519997,76.148003,72.630997,75.5,75.5,500900
2018-08-01,75.379997,77.889999,75.379997,77.120003,77.120003,268200
2018-08-02,77.0,78.699997,76.190002,78.660004,78.660004,281300
2018-08-03,79.040001,81.162003,77.349998,78.309998,78.309998,164700
2018-08-06,78.040001,80.639999,77.650002,79.910004,79.910004,232300
2018-08-07,80.0,81.269997,79.370003,80.849998,80.849998,192400
2018-08-08,81.309998,82.0,80.025002,81.769997,81.769997,195400
2018-08-09,81.980003,83.239998,81.910004,82.110001,82.110001,212300
2018-08-10,81.889999,83.290001,81.290001,82.480003,82.480003,240300
2018-08-13,82.889999,83.199997,82.160004,82.389999,82.389999,177100
2018-08-14,82.860001,84.970001,82.309998,84.83000200000001,84.83000200000001,371500
2018-08-15,84.870003,86.410004,83.82,85.400002,85.400002,371000
2018-08-16,85.58000200000001,87.790001,84.75,86.860001,86.860001,521100
2018-08-17,87.050003,88.300003,86.07,87.050003,87.050003,271200
2018-08-20,87.540001,87.84899899999999,85.589996,86.33000200000001,86.33000200000001,340900
2018-08-21,86.900002,87.68,86.25,87.290001,87.290001,412200
2018-08-22,87.370003,87.760002,86.529999,87.190002,87.190002,307500
2018-08-23,86.849998,87.589996,86.839996,87.370003,87.370003,363900
2018-08-24,87.199997,89.089996,87.040001,88.239998,88.239998,559200
2018-08-27,89.0,91.660004,88.33000200000001,90.989998,90.989998,557600
2018-08-28,90.980003,92.603996,90.947998,92.260002,92.260002,466400
2018-08-29,92.720001,93.400002,91.841003,92.620003,92.620003,413300
2018-08-30,92.5,93.514999,92.265999,92.550003,92.550003,412300
2018-08-31,92.519997,94.57,92.230003,94.209999,94.209999,446700
2018-09-04,94.989998,96.285004,93.343002,94.470001,94.470001,945700
2018-09-05,92.889999,97.934998,90.014,96.91999799999999,96.91999799999999,1149000
2018-09-06,96.0,96.480003,93.660004,95.41999799999999,95.41999799999999,701300
2018-09-07,94.620003,97.769997,94.620003,97.07,97.07,602000
2018-09-10,97.559998,97.940002,96.383003,96.589996,96.589996,446400
2018-09-11,96.279999,97.940002,95.58000200000001,97.32,97.32,358000
2018-09-12,97.25,97.25,90.350998,94.510002,94.510002,1098900
2018-09-13,94.980003,95.769997,93.110001,94.309998,94.309998,742800
2018-09-14,94.66999799999999,99.989998,93.68,94.699997,94.699997,12317600
2018-09-17,94.08000200000001,94.25,91.5,91.599998,91.599998,706400
2018-09-18,92.220001,94.18,92.220001,92.459999,92.459999,849800
2018-09-19,92.879997,93.93,90.82,92.360001,92.360001,639300
2018-09-20,92.860001,94.129997,91.800003,93.050003,93.050003,503000
2018-09-21,93.050003,94.050003,91.389999,92.459999,92.459999,1206500
2018-09-24,92.010002,93.209999,91.195,92.290001,92.290001,501400
2018-09-25,92.5,93.720001,92.190002,93.32,93.32,1049600
2018-09-26,93.769997,94.379997,93.209999,93.279999,93.279999,678100
2018-09-27,93.779999,94.769997,93.25,93.400002,93.400002,312700
2018-09-28,93.18,95.58000200000001,93.18,94.410004,94.410004,479200
2018-10-01,95.300003,95.910004,91.91999799999999,92.32,92.32,438900
2018-10-02,92.410004,92.870003,91.339996,92.040001,92.040001,419700
2018-10-03,92.470001,94.018997,91.779999,93.440002,93.440002,416600
2018-10-04,93.239998,93.58000200000001,90.190002,90.57,90.57,464200
2018-10-05,90.769997,92.349998,88.269997,89.489998,89.489998,616600
2018-10-08,89.33000200000001,89.489998,86.150002,88.019997,88.019997,580200
2018-10-09,87.849998,90.32,87.309998,88.709999,88.709999,618000
2018-10-10,88.510002,88.785004,84.629997,84.760002,84.760002,829700
2018-10-11,83.910004,85.870003,82.120003,82.83000200000001,82.83000200000001,683100
2018-10-12,84.900002,85.620003,82.129997,83.480003,83.480003,760700
2018-10-15,83.589996,84.199997,81.547997,82.629997,82.629997,428200
2018-10-16,83.440002,87.18,82.879997,86.449997,86.449997,726000
2018-10-17,86.760002,87.949997,84.300003,86.440002,86.440002,417200
2018-10-18,86.389999,87.720001,85.349998,87.519997,87.519997,640000
2018-10-19,87.800003,88.940002,86.190002,86.91999799999999,86.91999799999999,534800
2018-10-22,87.309998,88.029999,85.879997,87.5,87.5,301300
2018-10-23,86.290001,86.360001,83.989998,85.839996,85.839996,473400
2018-10-24,85.940002,86.25,80.559998,80.66999799999999,80.66999799999999,439200
2018-10-25,81.019997,85.639999,81.0,85.33000200000001,85.33000200000001,673600
2018-10-26,84.099998,86.33000200000001,82.470001,85.309998,85.309998,801000
2018-10-29,86.559998,87.599998,83.82,84.93,84.93,782000
2018-10-30,85.08000200000001,87.690002,84.239998,87.519997,87.519997,649200
2018-10-31,88.93,92.199997,88.730003,91.800003,91.800003,1567700
2018-11-01,93.349998,95.720001,91.849998,94.739998,94.739998,1058700
2018-11-02,95.660004,96.75,93.375,94.010002,94.010002,1065400
2018-11-05,94.290001,95.720001,92.760002,95.440002,95.440002,713500
2018-11-06,95.449997,96.540001,94.58000200000001,95.379997,95.379997,513900
2018-11-07,96.029999,100.870003,96.029999,100.440002,100.440002,1072900
2018-11-08,101.279999,101.58000200000001,98.239998,98.800003,98.800003,676700
2018-11-09,98.16999799999999,100.970001,94.150002,97.029999,97.029999,611900
2018-11-12,96.809998,96.809998,91.050003,91.339996,91.339996,718000
2018-11-13,91.83000200000001,92.889999,88.660004,88.989998,88.989998,686100
2018-11-14,89.440002,90.199997,82.779999,84.389999,84.389999,1369000
2018-11-15,83.989998,84.879997,81.040001,84.550003,84.550003,697600
2018-11-16,83.480003,86.014999,82.720001,85.300003,85.300003,664300
2018-11-19,84.730003,85.150002,76.349998,76.389999,76.389999,1105300
2018-11-20,74.290001,78.650002,73.410004,76.25,76.25,736400
2018-11-21,76.91999799999999,77.849998,75.529999,76.68,76.68,353400
2018-11-23,75.970001,79.33000200000001,75.014,77.379997,77.379997,527200
2018-11-26,78.379997,80.970001,77.040001,80.629997,80.629997,459600
2018-11-27,80.040001,80.709999,77.91999799999999,80.510002,80.510002,518900
2018-11-28,81.32,85.360001,80.83000200000001,85.099998,85.099998,692600
2018-11-29,84.650002,87.639999,84.0,87.290001,87.290001,588000
2018-11-30,87.269997,89.370003,87.019997,88.690002,88.690002,1010500
2018-12-03,91.510002,91.790001,86.635002,89.709999,89.709999,1034600
2018-12-04,89.379997,91.190002,83.019997,83.599998,83.599998,993500
2018-12-06,76.779999,78.0,72.099998,74.029999,74.029999,2931100
2018-12-07,74.510002,76.339996,66.860001,68.379997,68.379997,2335800
2018-12-10,68.33000200000001,70.374001,67.154999,67.66999799999999,67.66999799999999,1127200
2018-12-11,68.970001,69.790001,67.129997,67.790001,67.790001,811400
2018-12-12,69.019997,72.349998,68.5,69.690002,69.690002,654100
2018-12-13,69.940002,71.629997,65.019997,65.720001,65.720001,906600
2018-12-14,65.089996,66.199997,61.939999,62.09,62.09,1380100
2018-12-17,60.610001000000004,62.09,58.740002000000004,59.630001,59.630001,1656600
2018-12-18,62.02,63.740002000000004,61.16,61.950001,61.950001,1158900
2018-12-19,61.759997999999996,64.239998,60.599998,61.130001,61.130001,912900
2018-12-20,60.619999,61.0,58.060001,58.77,58.77,1165300
2018-12-21,58.91,59.369999,55.299999,55.330002,55.330002,1461900
2018-12-24,54.41,56.490002000000004,53.189999,54.389998999999996,54.389998999999996,466000
2018-12-26,54.75,58.48,54.200001,58.400002,58.400002,524100
2018-12-27,57.650002,58.650002,55.110001000000004,58.450001,58.450001,630200
2018-12-28,57.73,59.5,57.25,58.09,58.09,550800
2018-12-31,58.540001000000004,59.98,57.560001,59.650002,59.650002,530800
2019-01-02,58.299999,60.41,57.09,59.110001000000004,59.110001000000004,670900
2019-01-03,58.299999,58.66,54.799999,54.900002,54.900002,791900
2019-01-04,55.75,59.669998,55.189999,58.0,58.0,662600
2019-01-07,58.139998999999996,58.630001,53.380001,53.490002000000004,53.490002000000004,2058500
2019-01-08,54.009997999999996,54.48,50.290001000000004,52.860001000000004,52.860001000000004,2518900
2019-01-09,53.34,54.09,51.330002,53.860001000000004,53.860001000000004,1285200
2019-01-10,52.880001,56.465,52.82,56.029999,56.029999,1359700
2019-01-11,55.880001,56.610001000000004,53.52,55.509997999999996,55.509997999999996,845000
2019-01-14,54.509997999999996,56.764998999999996,54.240002000000004,55.919998,55.919998,753100
2019-01-15,55.950001,56.765999,55.537997999999995,56.419998,56.419998,494200
2019-01-16,56.5,58.389998999999996,56.5,57.959998999999996,57.959998999999996,757500
2019-01-17,57.759997999999996,58.689999,57.584998999999996,58.18,58.18,581500
2019-01-18,58.77,62.23,58.5,61.220001,61.220001,1758900
2019-01-22,62.139998999999996,62.84,59.549999,60.459998999999996,60.459998999999996,1233400
2019-01-23,61.02,62.720001,60.419998,61.189999,61.189999,947400
2019-01-24,61.130001,62.889998999999996,61.0,62.619999,62.619999,676300
2019-01-25,63.490002000000004,65.300003,63.139998999999996,64.239998,64.239998,853800
2019-01-28,63.5,64.639999,62.369999,63.220001,63.220001,748000
2019-01-29,63.490002000000004,63.990002000000004,61.470001,61.84,61.84,531400
2019-01-30,62.630001,63.584998999999996,62.02,63.25,63.25,702200
2019-01-31,63.25,63.77,62.099998,62.34,62.34,800200
2019-02-01,62.470001,63.990002000000004,61.029999,63.639998999999996,63.639998999999996,492100
2019-02-04,63.689999,64.519997,63.580002,64.08000200000001,64.08000200000001,490600
2019-02-05,64.360001,65.239998,63.755001,65.010002,65.010002,545600
2019-02-06,65.0,66.800003,64.055,66.449997,66.449997,1186300
2019-02-07,69.83000200000001,73.620003,69.43,72.16999799999999,72.16999799999999,2491300
2019-02-08,71.900002,72.400002,69.639999,71.660004,71.660004,1186000
2019-02-11,71.849998,73.5,71.019997,72.510002,72.510002,554400
2019-02-12,72.779999,73.5,72.279999,72.900002,72.900002,572300
2019-02-13,73.269997,75.300003,73.25,74.910004,74.910004,803900
2019-02-14,74.519997,76.360001,74.519997,75.779999,75.779999,1043000
2019-02-15,75.949997,77.220001,75.639999,77.099998,77.099998,461500
2019-02-19,77.0,77.900002,76.290001,77.739998,77.739998,337400
2019-02-20,77.599998,80.029999,77.349998,80.010002,80.010002,680700
2019-02-21,80.010002,80.559998,79.150002,79.370003,79.370003,1274400
2019-02-22,79.949997,81.110001,79.550003,80.389999,80.389999,785800
2019-02-25,81.0,82.980003,80.769997,81.610001,81.610001,517500
2019-02-26,81.400002,82.029999,79.41999799999999,79.41999799999999,79.41999799999999,745200
2019-02-27,79.07,81.18,78.099998,81.07,81.07,592000
2019-02-28,80.849998,81.629997,80.089996,80.480003,80.480003,510700
2019-03-01,81.400002,83.764999,80.690002,83.279999,83.279999,660900
2019-03-04,83.459999,84.0,77.440002,78.849998,78.849998,1089300
2019-03-05,79.16999799999999,80.300003,77.790001,79.370003,79.370003,655500
2019-03-06,79.58000200000001,79.58000200000001,75.309998,75.639999,75.639999,814900
2019-03-07,75.83000200000001,76.599998,74.245003,75.059998,75.059998,603400
2019-03-08,73.949997,75.285004,73.260002,74.839996,74.839996,687300
2019-03-11,75.349998,78.25,74.58000200000001,78.050003,78.050003,594800
2019-03-12,78.440002,80.025002,78.07,79.68,79.68,465900
2019-03-13,80.050003,82.41999799999999,80.0,80.730003,80.730003,548900
2019-03-14,80.989998,82.260002,80.480003,81.699997,81.699997,719300
2019-03-15,81.900002,83.754997,81.495003,82.160004,82.160004,1082600
2019-03-18,82.199997,83.83000200000001,80.83000200000001,82.870003,82.870003,1094000
2019-03-19,81.239998,85.07,79.5,84.510002,84.510002,1508000
2019-03-20,84.639999,84.980003,79.370003,79.629997,79.629997,976500
2019-03-21,79.239998,83.510002,79.050003,82.730003,82.730003,935300
2019-03-22,82.08000200000001,82.190002,73.68,73.779999,73.779999,1526500
2019-03-25,73.620003,75.040001,72.059998,73.57,73.57,716800
2019-03-26,73.959999,74.769997,72.550003,73.610001,73.610001,550300
2019-03-27,73.360001,73.449997,71.410004,72.639999,72.639999,684200
2019-03-28,72.760002,74.290001,72.16999799999999,72.849998,72.849998,629200
2019-03-29,72.900002,74.559998,72.389999,73.980003,73.980003,838000
2019-04-01,74.739998,75.0,73.440002,74.300003,74.300003,603200
2019-04-02,74.540001,74.714996,72.790001,74.449997,74.449997,520500
2019-04-03,75.0,75.489998,74.480003,75.0,75.0,846500
2019-04-04,75.010002,76.25,74.269997,76.139999,76.139999,687300
2019-04-05,76.18,78.519997,76.050003,77.730003,77.730003,611300
2019-04-08,77.389999,77.75,76.45300300000001,77.150002,77.150002,427400
2019-04-09,77.139999,78.150002,76.510002,77.019997,77.019997,603200
2019-04-10,77.32,78.900002,76.760002,78.300003,78.300003,392400
2019-04-11,78.470001,78.620003,75.389999,75.900002,75.900002,393500
2019-04-12,76.050003,76.720001,73.459999,73.739998,73.739998,549000
2019-04-15,73.82,75.139999,73.290001,75.089996,75.089996,441100
2019-04-16,75.66999799999999,76.150002,70.160004,70.870003,70.870003,984500
2019-04-17,70.57,71.150002,61.66,62.59,62.59,3713700
2019-04-18,62.889998999999996,65.239998,62.290001000000004,64.690002,64.690002,1128000
2019-04-22,64.66999799999999,67.040001,64.0,66.08000200000001,66.08000200000001,1032600
2019-04-23,66.459999,69.230003,66.0,69.019997,69.019997,920000
2019-04-24,69.32,71.349998,68.387001,70.58000200000001,70.58000200000001,677100
2019-04-25,70.139999,70.699997,69.18,69.559998,69.559998,418200
2019-04-26,69.959999,74.209999,69.739998,72.589996,72.589996,675900
2019-04-29,72.970001,74.540001,72.120003,72.93,72.93,739300
2019-04-30,67.5,69.989998,64.790001,67.75,67.75,2264500
2019-05-01,68.379997,69.635002,66.860001,69.32,69.32,1345000
2019-05-02,69.470001,70.904999,67.614998,69.5,69.5,865800
2019-05-03,70.279999,71.625,69.54499799999999,71.260002,71.260002,779400
2019-05-06,69.550003,71.389999,68.0,70.300003,70.300003,829100
2019-05-07,69.699997,71.235001,68.690002,70.010002,70.010002,706100
2019-05-08,70.019997,72.040001,69.019997,70.959999,70.959999,751900
2019-05-09,70.309998,71.105003,68.75,69.760002,69.760002,591500
2019-05-10,69.620003,70.002998,67.019997,69.480003,69.480003,716000
2019-05-13,67.75,68.660004,66.291,67.699997,67.699997,634800
2019-05-14,68.110001,70.139999,67.889999,69.339996,69.339996,472300
2019-05-15,68.66999799999999,70.349998,68.290001,69.360001,69.360001,524600
2019-05-16,69.110001,71.07,69.059998,69.639999,69.639999,515400
2019-05-17,68.900002,70.175003,68.029999,68.449997,68.449997,426900
2019-05-20,67.58000200000001,70.110001,67.18,68.93,68.93,661300
2019-05-21,69.690002,70.900002,69.389999,70.230003,70.230003,735100
2019-05-22,70.099998,70.360001,69.550003,69.900002,69.900002,800800
2019-05-23,69.540001,70.0,67.290001,67.849998,67.849998,444100
2019-05-24,68.129997,69.25,67.699997,69.110001,69.110001,783800
2019-05-28,69.620003,69.925003,68.32,68.449997,68.449997,415200
2019-05-29,67.470001,68.529999,66.311996,67.139999,67.139999,528900
2019-05-30,67.510002,68.410004,66.415001,67.349998,67.349998,546900
2019-05-31,66.379997,66.559998,65.300003,65.360001,65.360001,610900
2019-06-03,65.260002,66.129997,62.599998,62.93,62.93,1125000
2019-06-04,64.360001,66.309998,63.650002,65.540001,65.540001,944100
2019-06-05,67.660004,68.75,63.669998,63.98,63.98,1824400
2019-06-06,63.939999,66.059998,63.470001,65.690002,65.690002,3691600
2019-06-07,66.449997,67.199997,65.059998,66.68,66.68,1884600
2019-06-10,67.75,70.41999799999999,67.620003,68.690002,68.690002,1401200
2019-06-11,70.5,71.779999,69.589996,69.900002,69.900002,1033700
2019-06-12,69.660004,69.940002,66.91999799999999,69.010002,69.010002,963000
2019-06-13,69.5,71.57,69.013,71.540001,71.540001,713200
2019-06-14,71.940002,73.0,69.599998,69.949997,69.949997,656000
2019-06-17,70.349998,71.989998,69.800003,70.709999,70.709999,483100
2019-06-18,71.370003,72.360001,69.5,69.639999,69.639999,575200
2019-06-19,69.900002,71.128998,68.870003,71.029999,71.029999,538900
2019-06-20,71.690002,71.839996,66.08000200000001,67.650002,67.650002,1409300
2019-06-21,67.25,67.904999,66.690002,67.239998,67.239998,1282300
2019-06-24,67.449997,68.129997,66.190002,66.559998,66.559998,608800
2019-06-25,66.489998,66.535004,64.290001,64.690002,64.690002,754400
2019-06-26,65.379997,66.489998,61.68,62.18,62.18,1289300
2019-06-27,63.200001,66.599998,63.200001,65.269997,65.269997,1733900
2019-06-28,65.379997,66.410004,63.34,65.400002,65.400002,2613000
2019-07-01,66.610001,66.610001,63.529999,64.25,64.25,1049800
2019-07-02,64.150002,64.25,61.77,62.509997999999996,62.509997999999996,1018800
2019-07-03,62.57,63.799999,62.330002,62.689999,62.689999,485200
2019-07-05,62.68,64.660004,62.599998,64.650002,64.650002,623400
2019-07-08,64.209999,65.57,62.584998999999996,63.290001000000004,63.290001000000004,781700
2019-07-09,61.98,63.709998999999996,60.810001,63.240002000000004,63.240002000000004,1651500
2019-07-10,63.560001,68.029999,62.610001000000004,67.459999,67.459999,9490500
2019-07-11,67.599998,69.510002,67.410004,68.650002,68.650002,1758100
2019-07-12,68.849998,72.0,68.72399899999999,71.66999799999999,71.66999799999999,2595300
2019-07-15,71.66999799999999,72.144997,70.209999,70.360001,70.360001,1138600
2019-07-16,70.970001,73.059998,69.75,72.650002,72.650002,1246900
2019-07-17,72.449997,75.480003,72.07,75.360001,75.360001,1367200
2019-07-18,74.900002,76.889999,74.459999,76.43,76.43,1114500
2019-07-19,78.029999,79.730003,77.790001,79.18,79.18,1863500
2019-07-22,79.559998,80.279999,78.834,79.970001,79.970001,771200
2019-07-23,79.959999,80.440002,78.370003,79.66999799999999,79.66999799999999,613800
2019-07-24,79.529999,81.989998,78.565002,81.699997,81.699997,618000
2019-07-25,81.379997,81.940002,79.879997,80.099998,80.099998,834900
2019-07-26,80.389999,81.739998,80.099998,81.540001,81.540001,436500
2019-07-29,81.309998,81.724998,79.709999,81.160004,81.160004,682600
2019-07-30,80.16999799999999,81.949997,80.07,81.910004,81.910004,485900
2019-07-31,82.0,83.660004,81.42199699999999,81.980003,81.980003,852900
2019-08-01,82.279999,83.150002,79.800003,81.33000200000001,81.33000200000001,736500
2019-08-02,80.639999,81.393997,77.360001,78.910004,78.910004,575100
2019-08-05,77.550003,77.690002,74.839996,75.949997,75.949997,738100
2019-08-06,76.160004,78.0,76.139999,77.900002,77.900002,434400
2019-08-07,76.489998,78.375,75.425003,77.800003,77.800003,573000
2019-08-08,78.769997,80.099998,78.230003,79.849998,79.849998,572200
2019-08-09,78.480003,79.0,72.610001,72.720001,72.720001,1660900
2019-08-12,72.32,72.650002,67.459999,67.550003,67.550003,1304200
2019-08-13,67.0,69.699997,67.0,68.5,68.5,1181400
2019-08-14,66.660004,67.134003,62.689999,63.189999,63.189999,1162700
2019-08-15,63.450001,63.719002,60.93,61.220001,61.220001,870100
2019-08-16,62.130001,63.82,62.0,62.740002000000004,62.740002000000004,819800
2019-08-19,63.91,64.32,60.959998999999996,61.0,61.0,999000
2019-08-20,61.0,61.360001000000004,59.799999,60.689999,60.689999,899400
2019-08-21,61.450001,61.650002,60.091,61.310001,61.310001,641600
2019-08-22,61.849998,62.490002000000004,60.639998999999996,60.66,60.66,838700
2019-08-23,60.43,60.978001,58.299999,58.529999,58.529999,800700
2019-08-26,59.220001,59.48,57.334998999999996,58.619999,58.619999,669800
2019-08-27,59.23,59.48,56.814999,57.259997999999996,57.259997999999996,598900
2019-08-28,56.810001,58.68,56.380001,58.049999,58.049999,635800
2019-08-29,58.759997999999996,59.705002,58.240002000000004,59.040001000000004,59.040001000000004,599500
2019-08-30,59.110001000000004,60.25,58.32,59.360001000000004,59.360001000000004,629400
2019-09-03,59.330002,60.389998999999996,57.41,58.110001000000004,58.110001000000004,1498800
2019-09-04,57.57,57.779999,50.869999,55.759997999999996,55.759997999999996,4345000
2019-09-05,56.599998,59.040001000000004,54.189999,57.889998999999996,57.889998999999996,1580000
2019-09-06,57.880001,58.41,55.459998999999996,55.619999,55.619999,845800
2019-09-09,57.439999,58.5,56.740002000000004,58.119999,58.119999,1339600
2019-09-10,57.849998,60.220001,57.599998,59.939999,59.939999,1143900
2019-09-11,60.18,60.224998,56.68,58.610001000000004,58.610001000000004,1067600
2019-09-12,59.34,59.5,56.990002000000004,57.779999,57.779999,869500
2019-09-13,58.360001000000004,60.82,58.360001000000004,60.450001,60.450001,1035800
2019-09-16,59.950001,62.439999,59.400002,62.049999,62.049999,1070500
2019-09-17,61.540001000000004,62.165001000000004,60.82,61.77,61.77,1241900
2019-09-18,61.84,62.91,60.57,61.299999,61.299999,949400
2019-09-19,61.560001,62.200001,60.799999,61.790001000000004,61.790001000000004,646200
2019-09-20,61.610001000000004,62.306999,60.810001,60.889998999999996,60.889998999999996,999100
