2014-02-06,15.3,16.790001,15.25,15.81,7.75409,232900
2014-02-07,15.55,16.389999,15.5,15.95,7.822754,100700
2014-02-10,15.9,16.24,15.705,15.85,7.773706,39400
2014-02-11,15.78,16.1,15.78,15.86,7.778613000000001,29300
2014-02-12,16.24,16.24,15.56,15.65,7.675617999999999,81100
2014-02-13,15.5,15.9,15.43,15.7,7.700141,39900
2014-02-14,15.99,15.99,15.22,15.48,7.5922410000000005,44700
2014-02-18,15.98,15.99,15.318,15.575,7.638833,45600
2014-02-19,15.57,15.9,15.5,15.85,7.773706,47300
2014-02-20,15.6,17.040001,15.6,16.049999,7.871799,33600
2014-02-21,16.09,16.5,15.65,16.09,7.891419,63800
2014-02-24,15.99,16.299999,15.8,15.91,7.803135,10900
2014-02-25,16.0,16.299999,15.75,16.0,7.847276,35700
2014-02-26,16.049999,16.049999,15.76,15.9,7.79823,26800
2014-02-27,16.0,16.0,15.77,15.89,7.793328999999999,26100
2014-02-28,15.98,15.99,15.5,15.52,7.611858,48200
2014-03-03,15.49,15.98,15.25,15.57,7.636382000000001,39500
2014-03-04,15.5,15.96,15.5,15.67,7.685426,59000
2014-03-05,15.67,15.67,15.25,15.38,7.543195,33600
2014-03-06,15.44,15.64,15.3,15.47,7.587337,39400
2014-03-07,15.45,15.5,15.27,15.4,7.553004,33600
2014-03-10,15.49,15.9,15.49,15.6,7.651096000000001,31200
2014-03-11,15.69,15.7,15.39,15.6,7.651096000000001,37000
2014-03-12,15.59,15.6,15.26,15.6,7.651096000000001,43900
2014-03-13,15.6,15.6,15.25,15.44,7.572622999999999,20600
2014-03-14,15.6,15.69,15.26,15.69,7.695235,22000
2014-03-17,15.7,15.7,15.0,15.03,7.371535000000001,54000
2014-03-18,15.33,15.532,15.05,15.07,7.391153999999999,76800
2014-03-19,15.05,15.54,15.05,15.5,7.6020520000000005,30300
2014-03-20,15.29,15.5,15.05,15.19,7.538033,24500
2014-03-21,15.49,15.7,15.1,15.61,7.7464580000000005,177400
2014-03-24,15.53,15.55,15.19,15.33,7.607508,26500
2014-03-25,15.34,15.38,15.1,15.24,7.5628470000000005,8200
2014-03-26,15.19,15.29,15.1,15.16,7.5231460000000006,40300
2014-03-27,15.11,15.25,15.0,15.12,7.503296000000001,29300
2014-03-28,15.09,15.15,15.0,15.02,7.453671000000001,29300
2014-03-31,15.25,15.78,14.915,15.59,7.736532,174100
2014-04-01,15.3,15.35,15.05,15.075,7.480964,34100
2014-04-02,15.1,15.67,15.01,15.45,7.667058,117100
2014-04-03,15.56,15.56,15.02,15.35,7.617433999999999,33600
2014-04-04,15.2,15.2,14.9,14.98,7.433821000000001,57000
2014-04-07,14.8,14.85,14.5,14.58,7.235321000000001,115000
2014-04-08,14.41,14.55,14.0,14.23,7.061634,285200
2014-04-09,14.11,14.33,14.01,14.14,7.016971000000001,127000
2014-04-10,14.17,14.26,13.9,14.05,6.972308,88600
2014-04-11,13.92,13.96,13.08,13.3,6.600122,139700
2014-04-14,13.75,14.2,13.72,13.95,6.922683999999999,152300
2014-04-15,14.34,14.34,13.68,13.91,6.902832000000001,93300
2014-04-16,14.06,14.32,13.524,14.04,6.967347,67500
2014-04-17,14.0,14.2,13.68,13.79,6.843284,98500
2014-04-21,14.02,14.09,13.634,13.94,6.91772,22100
2014-04-22,13.95,14.21,13.778,14.19,7.041785000000001,53500
2014-04-23,13.82,14.34,13.82,14.06,6.977272,93400
2014-04-24,14.06,14.1,13.75,13.76,6.8283949999999995,88600
2014-04-25,13.76,14.06,13.64,13.92,6.907796,51300
2014-04-28,13.808,14.32,13.78,14.18,7.036822,106200
2014-04-29,14.0,14.74,13.93,14.04,6.967347,276400
2014-04-30,14.187,14.25,13.87,14.14,7.016971000000001,59900
2014-05-01,13.86,14.11,13.81,13.92,6.907796,52700
2014-05-02,14.07,14.07,13.82,13.97,6.932608999999999,60400
2014-05-05,13.9,14.34,13.881,14.18,7.036822,71100
2014-05-06,14.1,14.2,13.85,13.9,6.8978720000000004,51200
2014-05-07,13.82,13.9,13.22,13.25,6.575308000000001,129000
2014-05-08,12.6,13.25,12.6,13.09,6.49591,165400
2014-05-09,12.95,13.1,12.75,12.95,6.4264339999999995,113600
2014-05-12,13.03,13.18,12.8,13.04,6.471097,60900
2014-05-13,12.8,13.22,12.75,12.99,6.4462839999999995,84000
2014-05-14,12.82,13.43,12.82,13.26,6.580272999999999,71800
2014-05-15,12.86,13.26,12.85,12.86,6.381772,49800
2014-05-16,12.89,13.39,12.89,13.31,6.605082,35100
2014-05-19,13.18,13.84,13.18,13.81,6.853210000000001,45600
2014-05-20,13.76,13.9,13.66,13.74,6.81847,46500
2014-05-21,14.0,14.98,13.58,14.25,7.0715580000000005,107400
2014-05-22,14.21,14.5,13.95,14.41,7.150958999999999,65300
2014-05-23,14.44,14.55,14.3,14.55,7.220434,62900
2014-05-27,14.41,14.6,14.24,14.46,7.175771000000001,57900
2014-05-28,14.2,14.55,14.18,14.34,7.1162220000000005,32800
2014-05-29,14.18,14.539,13.75,13.81,6.853210000000001,136400
2014-05-30,14.2,14.47,13.85,13.98,6.937572,65800
2014-06-02,14.06,14.45,13.95,14.38,7.136071,32000
2014-06-03,14.39,14.55,14.059,14.33,7.1112589999999996,93500
2014-06-04,14.36,14.431,14.09,14.36,7.1261470000000005,68500
2014-06-05,14.65,14.65,13.75,14.49,7.190657000000001,69300
2014-06-06,14.57,14.65,14.32,14.52,7.205546000000001,70700
2014-06-09,14.46,14.6,14.12,14.58,7.235321000000001,51800
2014-06-10,14.59,14.6,14.25,14.6,7.245246000000001,50000
2014-06-11,14.6,14.7,14.22,14.42,7.155922,91800
2014-06-12,14.0,14.36,13.87,14.11,7.170149,119400
2014-06-13,14.07,14.28,14.0,14.24,7.236213,51900
2014-06-16,14.18,14.25,14.0,14.09,7.159985000000001,71300
2014-06-17,14.05,14.575,14.05,14.5,7.368333,73300
2014-06-18,14.28,14.427,13.84,14.28,7.256536,101900
2014-06-19,14.25,14.48,14.081,14.43,7.33276,114700
2014-06-20,14.144,14.64,14.13,14.47,7.353086,139100
2014-06-23,14.108,14.6,14.104,14.5,7.368333,57800
2014-06-24,14.25,14.5,14.08,14.35,7.292109,76400
2014-06-25,14.35,14.559,14.08,14.54,7.388659,53700
2014-06-26,14.48,14.771,14.35,14.47,7.353086,47800
2014-06-27,14.45,14.55,14.35,14.4,7.317514999999999,107500
2014-06-30,14.4,14.9,14.4,14.56,7.398822,119300
2014-07-01,14.58,14.882,14.54,14.82,7.530944,92900
2014-07-02,14.79,14.84,14.537,14.63,7.434392,26500
2014-07-03,14.45,14.8,14.428,14.605,7.421689999999999,42900
2014-07-07,14.57,14.73,14.36,14.45,7.342925,70200
2014-07-08,14.4,14.74,14.12,14.63,7.434392,60900
2014-07-09,14.42,14.65,14.15,14.23,7.231128999999999,47800
2014-07-10,14.12,14.705,14.1,14.42,7.32768,23400
2014-07-11,14.185,14.8,14.185,14.59,7.414066,23400
2014-07-14,14.53,14.84,14.198,14.37,7.30227,33200
2014-07-15,14.26,14.78,14.26,14.6,7.4191460000000005,36900
2014-07-16,14.54,14.74,14.35,14.5,7.368333,25900
2014-07-17,14.3,14.65,14.3,14.31,7.271780000000001,70100
2014-07-18,14.3,14.635,14.15,14.15,7.190475999999999,52400
2014-07-21,14.1,14.33,14.0,14.01,7.119332000000001,72800
2014-07-22,14.08,14.38,13.91,14.38,7.307353,29600
2014-07-23,14.29,14.44,14.0,14.175,7.203180000000001,38300
2014-07-24,14.09,14.25,14.0,14.15,7.190475999999999,38100
2014-07-25,14.09,14.35,13.81,13.96,7.093927000000001,33800
2014-07-28,13.9,14.24,13.625,13.98,7.104088000000001,69500
2014-07-29,13.92,14.0,13.53,13.83,7.027864,70300
2014-07-30,13.83,13.83,13.65,13.7,6.961803,38200
2014-07-31,13.7,13.7,13.4,13.4,6.809355,57900
2014-08-01,13.3,13.47,13.15,13.15,6.682314999999999,70500
2014-08-04,13.1,13.55,13.1,13.39,6.804272999999999,17800
2014-08-05,13.1,13.867,13.0,13.32,6.768700999999999,53300
2014-08-06,13.33,13.5,13.08,13.08,6.646745,28000
2014-08-07,13.155,13.906,13.155,13.38,6.799191,22600
2014-08-08,13.44,13.84,13.25,13.3,6.758539,32200
2014-08-11,13.31,13.79,13.13,13.71,6.966886,22700
2014-08-12,13.53,13.71,13.25,13.62,6.921149000000001,52700
2014-08-13,13.57,13.97,13.271,13.55,6.885578999999999,35500
2014-08-14,13.5,13.58,13.11,13.21,6.712806,103300
2014-08-15,13.3,13.31,13.14,13.31,6.7636199999999995,23400
2014-08-18,13.45,13.525,13.123,13.46,6.8398449999999995,14800
2014-08-19,13.55,13.68,13.202,13.49,6.85509,35200
2014-08-20,13.63,13.93,13.526,13.72,6.971964999999999,28000
2014-08-21,13.8,14.35,13.8,14.07,7.149823,25900
2014-08-22,14.12,14.31,13.56,14.1,7.165069,29500
2014-08-25,14.07,14.17,13.64,13.83,7.027864,39300
2014-08-26,13.79,14.11,13.52,14.09,7.159985000000001,58600
2014-08-27,14.09,14.22,13.72,13.752,6.988227999999999,26100
2014-08-28,13.78,14.0,13.54,13.6,6.910988000000001,63400
2014-08-29,13.75,13.9,13.63,13.88,7.053273,32100
2014-09-02,13.75,14.25,13.75,13.93,7.078681,42300
2014-09-03,13.91,14.08,13.63,13.77,6.997374000000001,35900
2014-09-04,14.24,14.41,13.5,13.52,6.870334,60600
2014-09-05,13.42,13.85,13.42,13.8,7.012619,15300
2014-09-08,13.55,13.849,13.54,13.8,7.012619,5600
2014-09-09,13.85,13.916,13.5,13.74,6.982130000000001,24500
2014-09-10,13.71,14.0,13.68,13.78,7.002457000000001,37300
2014-09-11,13.97,13.97,13.76,13.77,6.997374000000001,30000
2014-09-12,13.57,13.95,13.4,13.68,6.951641,62200
2014-09-15,13.68,13.99,13.6,13.78,7.002457000000001,54100
2014-09-16,13.4,13.7,13.36,13.4,6.9805779999999995,40500
2014-09-17,13.77,13.85,13.35,13.58,7.074346,34000
2014-09-18,13.54,13.772,13.24,13.47,7.017044,55200
2014-09-19,13.281,13.38,13.2,13.38,6.9701580000000005,54700
2014-09-22,13.2,13.349,13.2,13.26,6.907646000000001,26300
2014-09-23,13.25,13.53,13.25,13.315,6.936298,40100
2014-09-24,13.3,13.35,13.15,13.32,6.9389009999999995,33200
2014-09-25,13.3,13.3,12.84,13.02,6.78262,34900
2014-09-26,13.171,13.27,13.0,13.15,6.8503419999999995,21600
2014-09-29,13.14,13.29,13.05,13.05,6.798249,66300
2014-09-30,13.0,13.45,13.0,13.21,6.881597999999999,78600
2014-10-01,13.29,13.49,13.02,13.48,7.022253,40600
2014-10-02,13.47,13.67,13.33,13.64,7.1056029999999994,42100
2014-10-03,13.64,13.74,13.29,13.38,6.9701580000000005,34300
2014-10-06,13.4,13.412,12.95,12.95,6.746154,53000
2014-10-07,12.77,13.14,12.77,13.06,6.803458,47100
2014-10-08,12.95,13.5,12.8,13.19,6.871179,54700
2014-10-09,13.16,13.279,13.05,13.18,6.865971000000001,7100
2014-10-10,13.03,13.14,12.85,13.08,6.813877000000001,34400
2014-10-13,13.01,13.039,12.81,12.9,6.720108,20900
2014-10-14,12.89,12.97,12.44,12.44,6.480475,45000
2014-10-15,12.43,12.43,10.56,11.97,6.235635,103900
2014-10-16,11.8,12.28,11.58,12.16,6.334613,49700
2014-10-17,12.25,12.64,12.0,12.14,6.324195,33500
2014-10-20,12.04,12.12,11.548,11.81,6.152285,21100
2014-10-21,11.65,11.87,11.44,11.66,6.074144,75800
2014-10-22,11.8,12.83,11.75,12.75,6.641967,47300
2014-10-23,12.9,12.9,12.46,12.83,6.683642,30700
2014-10-24,12.74,13.2,12.61,13.2,6.87639,32200
2014-10-27,13.2,13.2,12.68,12.77,6.652385000000001,16400
2014-10-28,12.94,12.95,12.44,12.51,6.516943,24800
2014-10-29,12.61,12.86,12.17,12.38,6.449221,27500
2014-10-30,12.37,12.83,12.37,12.42,6.470057,15700
2014-10-31,12.7,12.7,12.3,12.6,6.563828,25800
2014-11-03,12.66,12.824,12.29,12.31,6.412755000000001,19200
2014-11-04,12.53,12.53,12.12,12.47,6.496104,23200
2014-11-05,12.65,12.65,12.36,12.54,6.5325690000000005,14300
2014-11-06,12.47,12.543,12.26,12.3,6.407544000000001,18300
2014-11-07,12.21,12.7,12.18,12.55,6.537780000000001,16400
2014-11-10,12.57,12.67,12.35,12.517,6.520587,43400
2014-11-11,12.49,12.68,12.26,12.33,6.423172,52100
2014-11-12,12.32,12.64,12.32,12.63,6.579453999999999,47500
2014-11-13,12.48,12.648,12.325,12.33,6.423172,45500
2014-11-14,12.26,12.67,12.22,12.61,6.569036,21700
2014-11-17,12.69,12.984,12.5,12.5,6.511732,44600
2014-11-18,12.5,12.65,12.36,12.57,6.548198,29800
2014-11-19,12.47,12.64,12.3,12.3,6.407544000000001,33700
2014-11-20,12.3,12.384,12.0,12.22,6.36587,62900
2014-11-21,12.24,12.58,11.95,11.99,6.246053,67700
2014-11-24,12.03,12.4,12.01,12.1,6.303356,65000
2014-11-25,12.12,12.59,12.1,12.59,6.558616000000001,64800
2014-11-26,12.15,13.219,12.15,12.87,6.704478999999999,48100
2014-11-28,13.05,13.05,12.21,12.69,6.610710000000001,6700
2014-12-01,12.77,12.947,12.24,12.43,6.475266,32100
2014-12-02,12.43,12.81,12.26,12.51,6.516943,29400
2014-12-03,12.54,12.72,12.08,12.16,6.334613,22200
2014-12-04,12.06,12.46,12.04,12.21,6.36066,35300
2014-12-05,12.07,12.34,12.05,12.07,6.287726999999999,29700
2014-12-08,11.87,12.3,11.67,12.01,6.2564720000000005,60900
2014-12-09,11.93,12.23,11.67,12.13,6.318985,31400
2014-12-10,12.12,12.2,11.67,11.76,6.126237000000001,29200
2014-12-11,11.93,11.93,11.27,11.47,5.975164,28800
2014-12-12,11.45,11.45,10.78,11.04,5.751161,63400
2014-12-15,11.0,11.47,10.62,10.63,5.537577,99400
2014-12-16,10.01,10.43,10.01,10.22,5.498838,35200
2014-12-17,10.14,10.25,9.64,10.03,5.39661,123500
2014-12-18,10.06,10.25,10.021,10.18,5.477316,82400
2014-12-19,10.15,10.62,10.06,10.49,5.644111,69700
2014-12-22,10.44,10.61,10.13,10.28,5.531119,73100
2014-12-23,10.171,10.51,9.96,10.47,5.63335,60200
2014-12-24,10.3,10.98,10.25,10.84,5.832427,46100
2014-12-26,10.82,11.122,10.71,10.9,5.8647089999999995,47900
2014-12-29,10.94,11.196,10.66,10.66,5.735579,100300
2014-12-30,10.59,10.89,10.5,10.59,5.697915,112000
2014-12-31,10.6,11.21,10.5,11.0,5.918515,180800
2015-01-02,11.09,11.35,10.95,11.24,6.047644,39900
2015-01-05,11.69,11.84,11.24,11.28,6.069168,51900
2015-01-06,11.32,11.454,11.02,11.18,6.0153620000000005,25600
2015-01-07,11.12,11.521,11.11,11.22,6.036885,26400
2015-01-08,11.3,11.3,11.03,11.12,5.98308,21900
2015-01-09,11.46,11.47,10.86,11.24,6.047644,11300
2015-01-12,11.3,11.48,11.05,11.17,6.009982,15800
2015-01-13,11.0,11.24,10.95,11.13,5.988461,30300
2015-01-14,11.2,11.2,10.9,11.0,5.918515,21300
2015-01-15,11.05,11.07,10.9,11.01,5.923894000000001,11500
2015-01-16,11.04,11.37,11.04,11.32,6.090689,13000
2015-01-20,11.42,11.44,11.1,11.29,6.074549,28400
2015-01-21,11.245,11.48,11.24,11.4,6.133733,43100
2015-01-22,11.49,11.56,11.3,11.39,6.128352,45900
2015-01-23,11.37,11.49,11.25,11.44,6.155254,28900
2015-01-26,11.45,11.45,11.26,11.44,6.155254,25700
2015-01-27,11.33,11.43,11.25,11.39,6.128352,13800
2015-01-28,11.25,11.58,11.25,11.5,6.187537,26600
2015-01-29,11.41,11.5,11.35,11.41,6.139113,18900
2015-01-30,11.35,11.5,11.25,11.31,6.085309,56100
2015-02-02,11.33,11.49,11.31,11.35,6.106832,23400
2015-02-03,11.5,11.8,11.5,11.79,6.343572,63300
2015-02-04,11.82,12.18,11.6,12.02,6.467322,67500
2015-02-05,11.89,13.06,11.89,12.36,6.650257000000001,71700
2015-02-06,12.63,13.05,12.62,12.94,6.962325,100100
2015-02-09,12.83,13.29,12.75,13.24,7.123739,71200
2015-02-10,13.3,13.3,13.04,13.19,7.096837,76700
2015-02-11,13.14,13.2,12.93,13.1,7.048412,54900
2015-02-12,13.1,13.285,13.1,13.13,7.064553999999999,57300
2015-02-13,13.3,13.67,13.2,13.4,7.209828,70000
2015-02-17,13.48,13.58,13.36,13.46,7.24211,53400
2015-02-18,13.55,13.8,13.27,13.36,7.188304,62200
2015-02-19,13.29,13.55,13.27,13.55,7.290534,45400
2015-02-20,13.53,14.0,13.41,13.71,7.37662,58900
2015-02-23,13.51,13.839,13.31,13.52,7.274392,26700
2015-02-24,13.57,13.9,13.57,13.78,7.414283999999999,50900
2015-02-25,13.65,13.91,13.41,13.53,7.27977,48500
2015-02-26,13.912,13.96,13.59,13.69,7.3658600000000005,30100
2015-02-27,13.7,13.75,13.56,13.73,7.3873809999999995,40700
2015-03-02,13.73,13.73,13.5,13.73,7.3873809999999995,22900
2015-03-03,13.72,14.15,13.597,14.0,7.532655999999999,34100
2015-03-04,13.95,13.97,13.7,13.9,7.478849,48000
2015-03-05,13.86,14.07,13.665,13.81,7.430425,29100
2015-03-06,13.88,14.08,13.49,13.74,7.392764,61300
2015-03-09,13.83,14.108,13.72,13.895,7.47616,36600
2015-03-10,13.8,14.06,13.55,13.91,7.484230999999999,36300
2015-03-11,13.92,14.06,13.91,14.0,7.532655999999999,20900
2015-03-12,14.1,14.1,13.9,13.95,7.5057529999999995,26500
2015-03-13,13.96,14.15,13.95,14.15,7.613361,52300
2015-03-16,13.63,13.885,13.02,13.22,7.291795,48400
2015-03-17,13.2,13.82,13.2,13.46,7.424172,29500
2015-03-18,13.29,13.6,13.29,13.49,7.4407179999999995,17400
2015-03-19,13.37,13.74,13.36,13.46,7.424172,17200
2015-03-20,13.6,13.99,13.593,13.87,7.6503179999999995,30600
2015-03-23,13.78,13.99,13.44,13.55,7.473814,14800
2015-03-24,13.458,13.49,13.24,13.3,7.33592,17300
2015-03-25,13.22,13.8,13.22,13.72,7.56758,25900
2015-03-26,13.69,13.71,13.38,13.43,7.407626,36800
2015-03-27,13.36,13.75,13.32,13.36,7.369014,41300
2015-03-30,13.34,13.67,13.255,13.5,7.446236,16300
2015-03-31,13.51,13.74,12.76,13.26,7.313859,81600
2015-04-01,13.29,13.88,12.96,13.56,7.479328999999999,43200
2015-04-02,13.93,13.93,13.6,13.82,7.622738000000001,55900
2015-04-06,13.9,13.92,13.54,13.87,7.6503179999999995,25700
2015-04-07,13.81,13.88,13.31,13.44,7.413141,15600
2015-04-08,13.6,13.66,13.06,13.34,7.357982000000001,36900
2015-04-09,13.39,13.8,13.2,13.8,7.611707000000001,41200
2015-04-10,13.66,13.89,13.18,13.44,7.413141,25900
2015-04-13,13.46,14.0,13.44,13.89,7.661347,14700
2015-04-14,13.89,13.93,13.63,13.75,7.584128,18300
2015-04-15,13.7,13.75,13.34,13.52,7.457266000000001,29700
2015-04-16,13.57,14.14,13.24,14.06,7.755116,50600
2015-04-17,14.06,14.15,13.74,14.0,7.722022,21200
2015-04-20,14.01,14.14,13.835,14.03,7.738569,19600
2015-04-21,14.09,14.09,13.77,13.89,7.661347,18100
2015-04-22,14.0,14.0,13.57,13.86,7.644800999999999,18900
2015-04-23,13.8,14.12,13.614,13.7,7.55655,15800
2015-04-24,13.67,13.8,13.2,13.56,7.479328999999999,30300
2015-04-27,13.61,13.78,13.21,13.35,7.3635,11400
2015-04-28,13.33,13.59,13.2,13.5,7.446236,12800
2015-04-29,13.24,13.51,13.18,13.43,7.407626,26400
2015-04-30,13.28,13.94,13.26,13.9,7.666864,15400
2015-05-01,13.95,14.18,13.91,14.09,7.771664,18500
2015-05-04,14.09,14.09,13.41,13.56,7.479328999999999,12800
2015-05-05,13.6,13.954,13.4,13.55,7.473814,18700
2015-05-06,13.68,13.954,13.4,13.54,7.468297,33300
2015-05-07,13.42,13.95,13.31,13.84,7.633771,21600
2015-05-08,13.74,14.0,13.19,14.0,7.722022,56000
2015-05-11,13.7,14.7,13.364,14.08,7.766147999999999,116000
2015-05-12,13.75,14.35,13.45,13.69,7.551035000000001,34700
2015-05-13,13.57,14.06,13.46,13.63,7.517939,22800
2015-05-14,13.8,13.99,13.46,13.73,7.5730949999999995,73800
2015-05-15,13.45,14.0,13.45,14.0,7.722022,38800
2015-05-18,14.0,14.0,13.51,13.98,7.710989,23200
2015-05-19,13.97,14.1,13.74,13.94,7.6889270000000005,35100
2015-05-20,14.02,14.1,13.74,13.98,7.710989,24300
2015-05-21,14.0,14.35,13.883,14.0,7.722022,49900
2015-05-22,13.81,14.28,13.52,13.66,7.5344880000000005,36400
2015-05-26,13.53,14.12,13.21,13.39,7.385561,24800
2015-05-27,13.28,13.98,13.28,13.94,7.6889270000000005,26800
2015-05-28,13.776,14.03,13.77,14.03,7.738569,17700
2015-05-29,13.779,14.0,13.779,13.85,7.639286,24600
2015-06-01,13.84,13.92,13.5,13.77,7.595160000000001,16700
2015-06-02,14.0,14.0,13.77,13.9,7.666864,13900
2015-06-03,13.94,14.02,13.772,13.79,7.60619,15100
2015-06-04,13.75,14.0,13.75,13.89,7.661347,21100
2015-06-05,13.77,13.98,13.6,13.95,7.694442,37700
2015-06-08,13.97,14.0,13.7,13.86,7.644800999999999,25000
2015-06-09,13.94,13.99,13.69,13.86,7.644800999999999,40000
2015-06-10,13.79,13.95,13.56,13.57,7.484846000000001,36400
2015-06-11,13.5,13.75,13.42,13.66,7.5344880000000005,29900
2015-06-12,13.66,14.07,13.66,13.84,7.633771,43000
2015-06-15,13.91,14.25,13.9,14.25,7.859914999999999,63800
2015-06-16,14.0,14.35,13.518,13.77,7.784725,28400
2015-06-17,13.85,14.11,13.63,13.75,7.7734179999999995,46000
2015-06-18,13.87,14.05,13.71,13.81,7.8073380000000006,38300
2015-06-19,13.89,13.98,13.695,13.91,7.863873,34600
2015-06-22,13.92,13.936,13.51,13.53,7.649042999999999,29400
2015-06-23,13.48,13.91,13.282,13.45,7.603816999999999,23300
2015-06-24,13.34,13.75,13.34,13.5,7.632084,23500
2015-06-25,13.46,13.93,13.46,13.55,7.66035,20800
2015-06-26,13.694,13.694,13.3,13.3,7.519014,26800
2015-06-29,13.32,13.69,13.24,13.24,7.485094,34900
2015-06-30,13.38,13.65,13.1,13.61,7.6942710000000005,45700
2015-07-01,13.56,13.7,13.36,13.69,7.739499,29000
2015-07-02,13.69,13.77,13.44,13.69,7.739499,27200
2015-07-06,13.7,13.98,13.51,13.74,7.767766,24400
2015-07-07,13.64,13.64,13.05,13.2,7.4624809999999995,61600
2015-07-08,13.13,13.13,12.38,12.54,7.089357000000001,49900
2015-07-09,12.53,12.555,11.51,12.55,7.09501,125900
2015-07-10,12.55,12.6,12.19,12.39,7.004557000000001,37800
2015-07-13,12.55,12.858,12.44,12.66,7.157197999999999,20800
2015-07-14,12.73,12.87,12.52,12.61,7.12893,23800
2015-07-15,12.72,12.99,12.69,12.86,7.270266,16500
2015-07-16,12.95,13.667,12.92,13.35,7.547283,40900
2015-07-17,13.49,13.77,13.28,13.28,7.507708,49900
2015-07-20,13.48,13.48,12.87,12.96,7.326799,19500
2015-07-21,13.09,13.2,12.65,12.93,7.309839,22400
2015-07-22,12.95,13.38,12.68,12.95,7.321146000000001,28300
2015-07-23,12.86,13.23,12.18,12.24,6.919755,33300
2015-07-24,12.48,12.48,11.73,11.99,6.778419,64700
2015-07-27,11.89,12.25,11.52,11.67,6.597511,45100
2015-07-28,11.72,12.879,11.615,12.16,6.874528,28900
2015-07-29,12.09,12.82,12.09,12.44,7.032822,27900
2015-07-30,12.55,13.218,12.35,12.6,7.123278,45700
2015-07-31,12.5,13.0,11.9,12.09,6.834953,24300
2015-08-03,12.26,12.26,11.6,12.0,6.784074,20100
2015-08-04,11.95,12.34,11.95,12.13,6.857568,11100
2015-08-05,12.07,12.13,11.79,11.8,6.671007,26800
2015-08-06,11.7,12.016,11.6,11.64,6.580552000000001,23000
2015-08-07,11.7,11.94,11.08,11.57,6.540977,30300
2015-08-10,11.56,11.96,11.0,11.73,6.631432000000001,30200
2015-08-11,11.65,11.77,11.35,11.67,6.597511,19100
2015-08-12,11.55,11.74,11.243,11.61,6.563591000000001,34500
2015-08-13,11.7,12.08,10.3,11.07,6.258308,53300
2015-08-14,11.26,11.835,10.865,11.225,6.345935,17700
2015-08-17,11.2,11.68,10.8,10.99,6.213082,47000
2015-08-18,10.99,11.68,10.8,11.561,6.535889,28400
2015-08-19,11.62,11.94,11.123,11.69,6.608819,30100
2015-08-20,11.49,11.91,11.41,11.5,6.501404,14500
2015-08-21,11.4,11.88,11.4,11.79,6.665354,24400
2015-08-24,11.25,11.88,11.25,11.76,6.648391999999999,40600
2015-08-25,11.9,11.91,11.05,11.05,6.247001999999999,32000
2015-08-26,11.1,11.9,10.65,10.9,6.1622,40300
2015-08-27,11.01,11.75,11.01,11.72,6.625780000000001,45300
2015-08-28,11.48,11.55,11.091,11.17,6.555353,36600
2015-08-31,11.3,11.56,11.02,11.56,6.784234,25100
2015-09-01,11.34,11.58,11.05,11.37,6.6727289999999995,9500
2015-09-02,11.5,11.53,10.86,11.41,6.696203999999999,12900
2015-09-03,11.4,11.584,11.3,11.32,6.643383999999999,18100
2015-09-04,11.15,11.5,11.12,11.26,6.608173,15400
2015-09-08,11.27,11.68,11.12,11.26,6.608173,14500
2015-09-09,11.55,11.765,11.34,11.51,6.75489,67900
2015-09-10,11.59,11.758,11.31,11.66,6.8429210000000005,24200
2015-09-11,11.6,11.9,11.34,11.86,6.9602960000000005,39200
2015-09-14,11.89,12.19,11.375,12.0,7.042458,103700
2015-09-15,11.94,12.94,11.594,11.79,6.9192160000000005,54500
2015-09-16,11.75,11.8,11.1,11.15,6.742047,55100
2015-09-17,11.16,11.35,10.77,10.84,6.5545990000000005,29800
2015-09-18,10.92,11.11,10.48,10.57,6.391339,86800
2015-09-21,10.78,10.89,10.52,10.6,6.40948,27600
2015-09-22,10.51,10.71,10.44,10.52,6.3611059999999995,36000
2015-09-23,10.48,10.74,10.4,10.55,6.379246,30100
2015-09-24,10.55,10.75,10.41,10.58,6.397387,42200
2015-09-25,10.66,10.9,10.51,10.8,6.530412999999999,29100
2015-09-28,10.82,10.99,10.4,10.4,6.288546,39700
2015-09-29,10.43,10.61,9.81,10.05,6.076912,79600
2015-09-30,10.08,10.78,10.01,10.24,6.191799,59500
2015-10-01,10.22,11.05,10.03,11.04,6.675534,45900
2015-10-02,10.8,11.46,10.01,11.03,6.669486,70600
2015-10-05,11.0,11.181,10.77,10.99,6.6452979999999995,27300
2015-10-06,10.92,11.17,10.8,11.03,6.669486,40500
2015-10-07,11.05,11.45,11.05,11.35,6.8629809999999996,22400
2015-10-08,11.38,11.75,11.3,11.75,7.104847,21100
2015-10-09,11.62,12.05,11.601,12.01,7.262061999999999,32300
2015-10-12,12.01,12.44,11.64,11.71,7.080661,34700
2015-10-13,11.61,11.91,11.28,11.37,6.875072,19000
2015-10-14,11.37,11.56,11.11,11.14,6.736001,30400
2015-10-15,11.03,11.39,11.0,11.26,6.808560000000001,41000
2015-10-16,11.15,11.47,11.02,11.41,6.899259,18300
2015-10-19,11.37,11.7,11.11,11.14,6.736001,36600
2015-10-20,11.09,11.46,11.011,11.35,6.8629809999999996,21200
2015-10-21,11.39,11.39,11.02,11.19,6.766233000000001,23600
2015-10-22,11.22,11.58,11.02,11.16,6.748092999999999,20900
2015-10-23,11.2,11.75,10.99,11.05,6.681578,43000
2015-10-26,11.11,11.31,10.96,11.06,6.687626,24100
2015-10-27,10.97,11.3,10.47,10.72,6.482039,40900
2015-10-28,10.67,11.01,10.54,10.79,6.524365,32400
2015-10-29,10.74,10.74,10.3,10.47,6.330872,44600
2015-10-30,10.25,10.61,10.25,10.53,6.367152,28600
2015-11-02,10.55,11.0,10.36,10.53,6.367152,27600
2015-11-03,10.49,10.97,10.28,10.41,6.294592,42800
2015-11-04,10.44,10.84,10.16,10.25,6.197845,40400
2015-11-05,10.2,10.44,10.14,10.28,6.215986,45000
2015-11-06,10.29,10.792,10.21,10.63,6.427619,15400
2015-11-09,10.65,11.31,10.35,11.22,6.7843729999999995,43800
2015-11-10,11.09,11.25,10.35,10.7,6.469946,51300
2015-11-11,11.0,11.28,10.83,11.13,6.729952000000001,57200
2015-11-12,11.15,11.46,11.1,11.2,6.77228,70100
2015-11-13,11.23,11.4,10.88,10.97,6.6332070000000005,40800
2015-11-16,10.96,11.43,10.62,11.29,6.8267,34500
2015-11-17,11.38,11.4,11.062,11.21,6.778327,25300
2015-11-18,11.34,11.34,10.85,10.86,6.566692,28700
2015-11-19,10.99,11.03,10.71,10.74,6.494133000000001,28300
2015-11-20,10.9,11.18,10.822,10.93,6.609019,26200
2015-11-23,10.89,11.34,10.852,11.11,6.717860000000001,29600
2015-11-24,11.09,11.51,11.0,11.03,6.669486,36700
2015-11-25,11.12,11.39,11.09,11.24,6.796467,14500
2015-11-27,11.31,11.61,11.12,11.19,6.766233000000001,20800
2015-11-30,10.53,11.35,10.53,11.31,6.838794,121900
2015-12-01,11.4,11.4,11.05,11.18,6.760186,12800
2015-12-02,11.26,11.45,10.85,10.89,6.5848320000000005,29900
2015-12-03,11.07,11.219,10.89,11.13,6.729952000000001,26900
2015-12-04,11.2,11.3,10.87,10.97,6.6332070000000005,12000
2015-12-07,10.86,10.895,10.69,10.81,6.536461,14600
2015-12-08,10.75,10.899,10.581,10.68,6.457853,23000
2015-12-09,10.61,10.88,10.61,10.61,6.415525,40500
2015-12-10,10.59,10.9,10.58,10.62,6.421573,22600
2015-12-11,10.54,10.73,10.21,10.25,6.197845,25700
2015-12-14,10.25,10.44,9.83,10.08,6.095052,24900
2015-12-15,10.12,10.53,10.0,10.15,6.137379,38300
2015-12-16,10.15,10.5,9.869,10.41,6.517404,31200
2015-12-17,10.48,10.58,10.15,10.215,6.395319000000001,36900
2015-12-18,10.21,10.33,10.051,10.24,6.410972,30300
2015-12-21,10.32,10.645,10.15,10.17,6.367146,23900
2015-12-22,10.44,10.47,10.21,10.25,6.417232,32800
2015-12-23,10.24,10.73,10.17,10.55,6.605055,37200
2015-12-24,10.52,10.73,10.32,10.47,6.554968,9100
2015-12-28,10.38,10.545,10.25,10.27,6.429754,32000
2015-12-29,10.25,10.587,10.01,10.16,6.360886,36800
2015-12-30,10.14,10.5,10.03,10.03,6.279497,26400
2015-12-31,10.0,10.3,9.79,10.02,6.273237,51700
2016-01-04,10.02,10.29,9.79,10.11,6.329581,31900
2016-01-05,10.06,10.5,10.05,10.26,6.423493,43100
2016-01-06,10.11,10.38,9.79,10.27,6.429754,26500
2016-01-07,10.2,10.4,10.051,10.38,6.498622,29100
2016-01-08,10.33,10.49,10.09,10.44,6.536186,35400
2016-01-11,10.4,10.4,9.82,9.94,6.223148999999999,33600
2016-01-12,9.93,10.31,9.48,9.62,6.022809,24700
2016-01-13,9.63,10.21,9.18,9.4,5.885072,33000
2016-01-14,9.39,9.46,9.01,9.3,5.822464,61000
2016-01-15,9.19,9.24,8.36,8.841,5.5350980000000005,54600
2016-01-19,8.92,9.37,8.31,8.47,5.302825,29600
2016-01-20,8.33,8.4,7.711,8.11,5.077439,59500
2016-01-21,8.14,8.75,7.96,8.18,5.121265,49600
2016-01-22,8.23,8.928,8.23,8.86,5.546994000000001,12700
2016-01-25,8.97,9.03,8.55,9.03,5.653425,25100
2016-01-26,9.0,9.24,8.79,8.99,5.628383,15400
2016-01-27,9.14,9.2,8.69,8.83,5.528211,52100
2016-01-28,8.84,9.18,8.55,8.55,5.352911,45500
2016-01-29,8.76,9.15,8.755,8.91,5.578297,35200
2016-02-01,9.145,9.455,8.935,9.25,5.791161,9000
2016-02-02,9.25,9.39,9.0,9.0,5.634643,25200
2016-02-03,9.09,9.27,8.9,9.18,5.747337,9400
2016-02-04,9.06,9.16,8.9,9.11,5.703512,12700
2016-02-05,9.05,10.197,9.0,9.17,5.741075,14900
2016-02-08,9.11,10.475,8.7,8.75,5.478125,20700
2016-02-09,8.2,8.73,7.75,7.91,4.952225,40300
2016-02-10,7.81,8.26,7.12,7.19,4.501454,84900
2016-02-11,6.82,7.0,6.33,6.92,4.332414,132100
2016-02-12,6.8,7.27,6.692,7.19,4.501454,35100
2016-02-16,7.49,7.6,7.24,7.43,4.651711,36500
2016-02-17,7.4,7.53,7.19,7.29,4.564062,34400
2016-02-18,7.27,7.27,6.95,7.05,4.413804,36200
2016-02-19,7.014,7.23,7.0,7.15,4.476411,30900
2016-02-22,7.45,7.64,7.26,7.58,4.745622,82700
2016-02-23,7.66,7.74,7.49,7.49,4.689275,37600
2016-02-24,7.4,7.55,7.25,7.55,4.72684,42200
2016-02-25,7.17,7.3,7.0,7.06,4.420064,112000
2016-02-26,7.0,7.3,6.99,7.3,4.570322,113500
2016-02-29,7.06,7.36,6.918,7.13,4.463889,106900
2016-03-01,7.04,7.5,7.04,7.42,4.645451,56200
2016-03-02,7.32,7.56,7.32,7.4,4.632929,30300
2016-03-03,7.47,7.69,7.38,7.6,4.7581430000000005,14200
2016-03-04,7.65,7.93,7.5,7.81,4.8896180000000005,58300
2016-03-07,7.75,8.0,7.75,8.0,5.008572,98800
2016-03-08,8.04,8.04,7.76,7.76,4.858315,46700
2016-03-09,7.85,7.91,7.75,7.8,4.883358,21100
2016-03-10,7.91,8.09,7.86,8.04,5.033615,65200
2016-03-11,8.05,8.33,8.05,8.26,5.1713510000000005,38500
2016-03-14,8.25,8.62,8.25,8.62,5.396736,61400
2016-03-15,8.65,9.49,8.65,9.24,5.7849,91500
2016-03-16,8.8,8.93,7.92,8.89,5.7862029999999995,31400
2016-03-17,8.81,8.99,8.502,8.77,5.708098000000001,30500
2016-03-18,8.84,9.17,8.68,9.11,5.929393,101400
2016-03-21,9.05,9.05,8.25,8.55,5.564908,166000
2016-03-22,8.48,8.55,8.01,8.32,5.415209,76600
2016-03-23,8.26,8.38,7.8,7.92,5.1548620000000005,66700
2016-03-24,7.81,8.108,7.81,7.97,5.187404,25400
2016-03-28,7.94,8.12,7.8,7.82,5.089775,21500
2016-03-29,7.8,8.02,7.78,7.9,5.141844,34000
2016-03-30,7.83,8.27,7.83,8.02,5.219949,35300
2016-03-31,8.01,8.47,8.01,8.4,5.467278,76800
2016-04-01,8.36,8.65,8.28,8.31,5.4087,31300
2016-04-04,8.44,8.49,8.06,8.16,5.311069,23600
2016-04-05,8.16,8.276,8.01,8.08,5.2590010000000005,24900
2016-04-06,8.05,8.19,8.05,8.18,5.324088,33900
2016-04-07,8.21,8.23,8.12,8.22,5.350121,27400
2016-04-08,8.28,8.8,8.12,8.63,5.616976999999999,27000
2016-04-11,8.69,8.955,8.42,8.76,5.701589,24900
2016-04-12,8.75,8.92,8.51,8.92,5.805729,27700
2016-04-13,8.94,8.96,8.725,8.87,5.773184,6900
2016-04-14,8.75,8.96,8.62,8.7,5.662538,15000
2016-04-15,8.69,8.69,8.265,8.5,5.532363,36500
2016-04-18,8.42,8.759,8.4,8.4,5.467278,16500
2016-04-19,8.47,8.59,8.3,8.3,5.402191,16500
2016-04-20,8.3,8.85,8.3,8.79,5.721116,26300
2016-04-21,8.71,9.24,8.45,9.21,5.994479,31900
2016-04-22,9.06,9.23,8.83,9.17,5.968444,8000
2016-04-25,9.09,9.23,9.01,9.13,5.94241,8700
2016-04-26,9.12,9.249,9.01,9.17,5.968444,6600
2016-04-27,9.09,9.208,9.01,9.01,5.864306,13600
2016-04-28,9.09,9.09,8.99,8.99,5.8512889999999995,6600
2016-04-29,8.96,9.15,8.83,9.15,5.955426,8700
2016-05-02,9.1,9.24,8.91,8.91,5.79922,8500
2016-05-03,8.85,9.17,8.5,8.69,5.656029,27200
2016-05-04,8.69,8.83,8.52,8.8,5.727624,35700
2016-05-05,8.76,9.09,8.62,9.02,5.870815,12000
2016-05-06,8.99,9.1,8.6,8.66,5.636502,33400
2016-05-09,8.73,9.23,8.6,8.65,5.629994,8500
2016-05-10,8.51,8.926,8.5,8.66,5.636502,24200
2016-05-11,8.66,8.69,8.45,8.54,5.558398,31700
2016-05-12,8.54,8.6,8.41,8.42,5.480295,19100
2016-05-13,8.4,8.4,8.0,8.2,5.337104,39100
2016-05-16,8.13,8.39,8.13,8.21,5.3436129999999995,44600
2016-05-17,8.18,8.23,8.11,8.14,5.298051999999999,19600
2016-05-18,8.1,8.19,8.0,8.15,5.304561,29700
2016-05-19,8.07,8.19,7.83,8.13,5.291543,52800
2016-05-20,8.15,8.15,7.75,7.87,5.122318,42000
2016-05-23,7.88,8.1,7.88,7.93,5.16137,30000
2016-05-24,8.02,8.02,7.85,7.98,5.193912999999999,10500
2016-05-25,7.97,8.18,7.86,8.14,5.298051999999999,67000
2016-05-26,8.14,8.281,8.09,8.24,5.363139,24100
2016-05-27,8.21,8.26,8.12,8.24,5.363139,16500
2016-05-31,8.3,8.3,8.14,8.21,5.3436129999999995,25800
2016-06-01,8.23,8.47,8.23,8.47,5.5128379999999995,28100
2016-06-02,8.47,8.848,8.4,8.51,5.538873000000001,35200
2016-06-03,8.5,8.806,8.5,8.6,5.597451,22000
2016-06-06,8.56,9.23,8.55,8.83,5.74715,104400
2016-06-07,8.86,9.1,8.85,8.95,5.825254,22300
2016-06-08,8.95,9.14,8.95,9.14,5.948919,34800
2016-06-09,9.15,9.26,9.025,9.22,6.000989,32800
2016-06-10,9.3,9.365,9.17,9.3,6.053057,62500
2016-06-13,9.26,9.48,9.24,9.48,6.1702129999999995,54500
2016-06-14,9.51,9.7,9.4,9.66,6.287369,70400
2016-06-15,9.44,9.44,9.0,9.04,6.1063410000000005,33800
2016-06-16,9.0,9.15,9.0,9.05,6.1130949999999995,29000
2016-06-17,9.06,9.07,9.0,9.035,6.102962000000001,11900
2016-06-20,9.06,9.5,8.85,8.97,6.059057,157100
2016-06-21,8.98,8.98,8.85,8.88,5.998265,19900
2016-06-22,8.85,9.098,8.832,8.92,6.025283,41500
2016-06-23,8.91,9.15,8.55,8.57,5.788865,55700
2016-06-24,8.33,8.69,8.22,8.305,5.609862000000001,37700
2016-06-27,8.3,8.533,8.25,8.25,5.572711,54700
2016-06-28,8.35,8.44,8.25,8.3,5.606486,25700
2016-06-29,8.41,8.76,8.41,8.62,5.822639,59300
2016-06-30,8.65,8.89,8.57,8.88,5.998265,26700
2016-07-01,8.9,9.15,8.85,8.98,6.065811,37600
2016-07-05,8.99,9.143,8.99,9.11,6.153624,23700
2016-07-06,9.13,9.35,9.001,9.14,6.173889,50300
2016-07-07,9.35,9.38,9.24,9.36,6.322494,40400
2016-07-08,9.46,9.46,9.26,9.36,6.322494,33200
2016-07-11,9.46,9.94,9.45,9.74,6.5791759999999995,51900
2016-07-12,9.79,9.79,9.6,9.65,6.518383,11300
2016-07-13,9.72,9.77,9.26,9.43,6.369778,25600
2016-07-14,9.55,9.854,9.21,9.48,6.4035519999999995,16500
2016-07-15,9.5,9.5,9.25,9.47,6.396797,69200
2016-07-18,9.5,9.5,9.4,9.48,6.4035519999999995,8600
2016-07-19,9.44,9.47,9.4,9.44,6.3765339999999995,10700
2016-07-20,9.45,9.46,9.4,9.43,6.369778,15100
2016-07-21,9.44,9.45,9.4,9.43,6.369778,26600
2016-07-22,9.435,9.49,9.4,9.44,6.3765339999999995,14700
2016-07-25,9.5,9.76,9.393,9.41,6.356269,89700
2016-07-26,9.43,9.532,9.3,9.456,6.387341,10300
2016-07-27,9.47,9.505,9.221,9.33,6.302230000000001,5600
2016-07-28,9.35,9.37,9.21,9.31,6.28872,22600
2016-07-29,9.33,9.615,9.232,9.54,6.4440800000000005,28700
2016-08-01,9.59,9.69,9.275,9.64,6.511629,16500
2016-08-02,9.7,9.7,9.47,9.52,6.430572,16800
2016-08-03,9.49,9.7,9.49,9.66,6.525138,18800
2016-08-04,9.68,9.75,9.59,9.65,6.518383,12200
2016-08-05,9.69,9.7,9.46,9.7,6.552158,10600
2016-08-08,9.69,9.7,9.5,9.7,6.552158,20400
2016-08-09,9.71,9.75,9.65,9.72,6.565668,19200
2016-08-10,9.69,9.78,9.65,9.68,6.5386489999999995,23700
2016-08-11,9.68,9.68,9.61,9.61,6.491364,11100
2016-08-12,9.68,9.68,9.596,9.635,6.5082510000000005,12200
2016-08-15,9.57,9.65,9.5,9.6,6.48461,18200
2016-08-16,9.64,9.65,9.41,9.49,6.410305999999999,42900
2016-08-17,9.44,9.65,9.44,9.62,6.49812,24600
2016-08-18,9.65,9.65,9.46,9.55,6.450836,16100
2016-08-19,9.5,9.65,9.472,9.49,6.410305999999999,20400
2016-08-22,9.5,9.64,9.46,9.48,6.4035519999999995,19700
2016-08-23,9.55,9.62,9.49,9.59,6.477855,30100
2016-08-24,9.6,9.65,9.5,9.59,6.477855,27500
2016-08-25,9.6,9.64,9.491,9.59,6.477855,17600
2016-08-26,9.56,9.67,9.5,9.6,6.48461,58200
2016-08-29,9.65,9.65,9.54,9.6,6.48461,48400
2016-08-30,9.6,9.65,9.56,9.59,6.477855,43600
2016-08-31,9.7,9.7,9.55,9.62,6.49812,62000
2016-09-01,9.63,9.67,9.6,9.67,6.531894,21200
2016-09-02,9.65,9.779,9.646,9.779,6.605521,24600
2016-09-06,9.65,9.78,9.65,9.705,6.555535000000001,14700
2016-09-07,9.78,10.0,9.72,9.94,6.714271000000001,48200
2016-09-08,9.91,10.0,9.88,9.99,6.748046,24800
2016-09-09,9.95,10.13,9.85,9.895,6.683878,63700
2016-09-12,9.9,9.9,9.82,9.86,6.660234,56600
2016-09-13,9.85,10.31,9.8,10.14,6.8493699999999995,125400
2016-09-14,9.79,9.824,9.44,9.46,6.6198440000000005,43000
2016-09-15,9.42,9.6,9.06,9.15,6.402914,37900
2016-09-16,9.15,9.345,9.11,9.27,6.4868879999999995,26600
2016-09-19,9.26,9.37,9.04,9.15,6.402914,38100
2016-09-20,9.21,9.59,9.09,9.25,6.472891000000001,58500
2016-09-21,9.27,9.46,9.06,9.28,6.493885,54900
2016-09-22,9.28,9.33,9.11,9.15,6.402914,20400
2016-09-23,9.2,9.23,9.1,9.14,6.395917,21500
2016-09-26,9.15,9.227,9.1,9.16,6.4099129999999995,9500
2016-09-27,9.11,9.26,8.99,9.12,6.381921,41400
2016-09-28,9.05,9.16,8.99,9.07,6.346932,41500
2016-09-29,9.03,9.17,9.0,9.13,6.3889190000000005,40100
2016-09-30,9.11,9.4,9.01,9.1,6.367927,34000
2016-10-03,9.08,9.189,9.01,9.03,6.318942,21100
2016-10-04,9.05,9.15,9.0,9.04,6.32594,19900
2016-10-05,9.04,9.25,9.01,9.24,6.4658940000000005,50600
2016-10-06,9.13,9.46,9.13,9.4,6.577857000000001,62900
2016-10-07,9.3,9.433,9.15,9.24,6.4658940000000005,39200
2016-10-10,9.19,9.38,9.17,9.2,6.437901999999999,14500
2016-10-11,9.12,9.21,9.0,9.11,6.374923,71300
2016-10-12,9.13,9.13,8.89,8.98,6.283951999999999,30000
2016-10-13,8.9,9.15,8.9,9.08,6.35393,18600
2016-10-14,9.062,9.18,9.06,9.18,6.423908,7100
2016-10-17,9.14,9.15,8.92,9.099,6.3672260000000005,24300
2016-10-18,9.06,9.29,9.0,9.29,6.500882,30000
2016-10-19,9.25,9.291,9.15,9.15,6.402914,6900
2016-10-20,9.26,9.36,9.08,9.34,6.535872,42500
2016-10-21,9.33,9.409,9.155,9.258,6.47849,66400
2016-10-24,9.29,9.42,9.29,9.38,6.563861999999999,25200
2016-10-25,9.38,9.48,9.212,9.47,6.626841000000001,46400
2016-10-26,9.44,9.5,9.261,9.49,6.640836,53500
2016-10-27,9.52,9.69,9.274,9.274,6.489686,15700
2016-10-28,9.28,9.53,9.27,9.41,6.584855,11600
2016-10-31,9.45,9.5,9.2,9.3,6.507880999999999,24200
2016-11-01,9.35,9.5,9.05,9.2,6.437901999999999,34200
2016-11-02,9.35,9.45,8.5,9.1,6.367927,59400
2016-11-03,9.15,9.15,8.8,9.0,6.297949,24300
2016-11-04,8.6,9.05,8.6,8.95,6.26296,32000
2016-11-07,8.85,9.05,8.85,8.95,6.26296,12200
2016-11-08,9.0,9.05,8.8,8.95,6.26296,20600
2016-11-09,8.9,9.2,8.655,9.1,6.367927,17700
2016-11-10,9.1,9.1,8.8,9.0,6.297949,39200
2016-11-11,9.0,9.3,9.0,9.2,6.437901999999999,10100
2016-11-14,9.4,9.4,8.95,9.15,6.402914,44800
2016-11-15,9.1,9.675,9.1,9.35,6.5428690000000005,18900
2016-11-16,9.35,9.5,9.25,9.45,6.612845,25600
2016-11-17,9.45,9.5,9.3,9.425,6.595352,17100
2016-11-18,9.65,9.65,9.4,9.45,6.612845,12500
2016-11-21,9.45,9.65,9.45,9.6,6.7178119999999995,15100
2016-11-22,9.7,9.9,9.505,9.7,6.787789,52300
2016-11-23,9.6,9.75,9.6,9.725,6.805283,27200
2016-11-25,9.85,10.0,9.675,9.95,6.962732000000001,23700
2016-11-28,9.75,9.9,9.55,9.7,6.787789,94300
2016-11-29,9.9,9.95,9.6,9.8,6.857766000000001,45100
2016-11-30,10.0,10.0,9.55,9.8,6.857766000000001,58200
2016-12-01,9.8,9.982,9.7,9.75,6.822777,41400
2016-12-02,9.85,9.9,9.45,9.65,6.7528,38500
2016-12-05,9.85,10.0,9.6,9.95,6.962732000000001,49200
2016-12-06,9.8,9.8,9.65,9.75,6.822777,45000
2016-12-07,9.8,9.91,9.75,9.9,6.9277429999999995,36500
2016-12-08,9.95,10.0,9.8,9.85,6.892753999999999,43700
2016-12-09,9.95,10.05,9.7,10.05,7.032708,67500
2016-12-12,10.05,10.05,9.9,9.95,6.962732000000001,54200
2016-12-13,9.95,10.25,9.925,10.0,6.997721,122400
2016-12-14,9.5,10.05,9.1,9.6,6.962905,90100
2016-12-15,9.5,9.65,9.1,9.35,6.781581,105400
2016-12-16,9.35,9.4,9.1,9.4,6.817846,51200
2016-12-19,9.5,9.5,9.15,9.25,6.70905,62000
2016-12-20,9.2,9.5,9.15,9.3,6.745316000000001,50800
2016-12-21,9.35,9.35,9.15,9.25,6.70905,42500
2016-12-22,9.35,9.46,9.2,9.2,6.672785,40900
2016-12-23,9.15,9.35,9.1,9.35,6.781581,38200
2016-12-27,9.35,9.35,9.238,9.35,6.781581,50600
2016-12-28,9.35,9.4,9.25,9.4,6.817846,36300
2016-12-29,9.4,9.4,9.15,9.2,6.672785,77800
2016-12-30,9.3,9.4,9.15,9.3,6.745316000000001,44600
2017-01-03,9.35,9.4,9.2,9.4,6.817846,34200
2017-01-04,9.4,10.05,9.4,10.05,7.289292,110300
2017-01-05,10.0,10.0,9.5,9.5,6.890375,71400
2017-01-06,9.5,9.65,9.5,9.5,6.890375,35100
2017-01-09,9.6,9.745,9.5,9.6,6.962905,54300
2017-01-10,9.55,9.65,9.5,9.6,6.962905,22200
2017-01-11,9.6,9.8,9.59,9.7,7.035437,30100
2017-01-12,9.75,9.85,9.65,9.85,7.144232000000001,24600
2017-01-13,9.75,9.83,9.624,9.8,7.107964999999999,22200
2017-01-17,9.7,9.75,9.6,9.6,6.962905,37900
2017-01-18,9.75,9.75,9.6,9.75,7.071700999999999,28800
2017-01-19,9.7,9.9,9.65,9.75,7.071700999999999,17700
2017-01-20,9.75,9.85,9.65,9.7,7.035437,14200
2017-01-23,9.6,9.75,9.55,9.55,6.926641,51500
2017-01-24,9.6,9.7,9.3,9.55,6.926641,47100
2017-01-25,9.65,9.65,9.35,9.35,6.781581,40400
2017-01-26,9.35,9.476,9.35,9.45,6.85411,62700
2017-01-27,9.5,9.5,9.35,9.5,6.890375,45100
2017-01-30,9.55,9.55,9.4,9.45,6.85411,41500
2017-01-31,9.45,9.5,9.3,9.5,6.890375,45500
2017-02-01,9.45,9.55,9.3,9.4,6.817846,40400
2017-02-02,9.3,9.45,9.3,9.35,6.781581,28600
2017-02-03,9.4,9.5,9.3,9.4,6.817846,29700
2017-02-06,9.45,9.5,9.3,9.45,6.85411,38600
2017-02-07,9.5,9.7,9.45,9.65,6.9991710000000005,23400
2017-02-08,9.75,9.9,9.605,9.9,7.180497,60300
2017-02-09,9.95,10.01,9.75,9.9,7.180497,36900
2017-02-10,9.95,9.95,9.713,9.95,7.216761999999999,39800
2017-02-13,9.8,10.25,9.7,10.05,7.289292,93400
2017-02-14,10.1,10.2,9.95,10.0,7.253027,31800
2017-02-15,10.05,10.065,9.85,9.9,7.180497,11400
2017-02-16,9.85,10.145,9.85,10.0,7.253027,25700
2017-02-17,10.0,10.1,9.975,10.05,7.289292,26500
2017-02-21,10.1,10.2,10.05,10.155,7.365449000000001,15000
2017-02-22,10.2,10.28,10.1,10.25,7.434353,19200
2017-02-23,10.2,10.3,10.05,10.05,7.289292,21600
2017-02-24,10.05,10.05,9.8,10.0,7.253027,28400
2017-02-27,10.1,10.15,9.9,10.15,7.36182,23400
2017-02-28,10.15,10.15,9.9,10.15,7.36182,28500
2017-03-01,10.15,10.5,10.0,10.2,7.398088,55300
2017-03-02,10.2,10.45,10.078,10.4,7.543147,55800
2017-03-03,10.45,10.5,10.25,10.4,7.543147,35000
2017-03-06,10.4,10.4,10.1,10.35,7.506883,25000
2017-03-07,10.4,10.45,10.2,10.358,7.512687,23600
2017-03-08,10.4,10.5,10.2,10.3,7.470617999999999,29400
2017-03-09,10.3,10.3,9.99,10.05,7.289292,22500
2017-03-10,10.05,10.2,10.0,10.0,7.253027,19100
2017-03-13,10.1,10.35,9.95,10.35,7.506883,31500
2017-03-14,10.25,10.325,10.15,10.27,7.448858,16000
2017-03-15,10.05,10.5,10.025,10.3,7.657011,67400
2017-03-16,10.3,10.3,9.65,9.75,7.248141,45300
2017-03-17,9.85,10.0,9.8,9.9,7.3596509999999995,24400
2017-03-20,9.95,10.195,9.8,9.95,7.39682,25700
2017-03-21,9.9,10.16,9.9,9.905,7.363367,15000
2017-03-22,9.9,10.15,9.85,10.1,7.508331,18600
2017-03-23,10.05,10.2,10.0,10.0,7.43399,15500
2017-03-24,10.05,10.15,10.0,10.05,7.47116,23800
2017-03-27,10.05,10.25,9.95,10.25,7.619839999999999,16400
2017-03-28,10.1,10.3,10.0,10.05,7.47116,16900
2017-03-29,10.1,10.3,10.075,10.25,7.619839999999999,13500
2017-03-30,10.05,10.25,10.05,10.15,7.5455,36100
2017-03-31,10.2,10.2,10.05,10.15,7.5455,24600
2017-04-03,10.2,10.25,10.05,10.1,7.508331,19200
2017-04-04,10.0,10.1,9.95,10.1,7.508331,6300
2017-04-05,10.05,10.3,9.95,10.15,7.5455,38100
2017-04-06,10.15,10.3,10.15,10.25,7.619839999999999,33500
2017-04-07,10.3,10.32,10.2,10.25,7.619839999999999,10200
2017-04-10,10.3,10.35,10.15,10.3,7.657011,15600
2017-04-11,10.25,10.3,10.2,10.3,7.657011,13800
2017-04-12,10.3,10.3,10.2,10.275,7.6384240000000005,19500
2017-04-13,10.25,10.3,10.1,10.25,7.619839999999999,27100
2017-04-17,10.3,10.4,10.2,10.35,7.6941809999999995,22000
2017-04-18,10.3,10.6,10.3,10.5,7.805689999999999,51200
2017-04-19,10.55,10.775,10.525,10.7,7.95437,14600
2017-04-20,10.75,10.8,10.65,10.7,7.95437,55100
2017-04-21,10.75,10.75,10.39,10.7,7.95437,16700
2017-04-24,10.7,10.75,10.35,10.45,7.76852,24100
2017-04-25,10.4,10.55,10.05,10.15,7.5455,50600
2017-04-26,10.15,10.355,10.05,10.15,7.5455,55500
2017-04-27,10.05,10.15,10.0,10.05,7.47116,56800
2017-04-28,10.0,10.145,10.0,10.1,7.508331,23100
2017-05-01,10.1,10.2,10.0,10.05,7.47116,37500
2017-05-02,10.1,10.25,10.0,10.25,7.619839999999999,35400
2017-05-03,10.3,10.3,10.0,10.1,7.508331,23000
2017-05-04,10.15,10.2,10.0,10.2,7.5826720000000005,59300
2017-05-05,10.3,10.45,10.05,10.45,7.76852,26500
2017-05-08,10.45,10.575,10.2,10.55,7.842861,26500
2017-05-09,10.65,10.7,10.25,10.3,7.657011,20500
2017-05-10,10.35,10.7,10.125,10.7,7.95437,42100
2017-05-11,10.45,10.75,10.325,10.55,7.842861,16400
2017-05-12,10.55,10.595,10.0,10.2,7.5826720000000005,33100
2017-05-15,10.3,10.55,10.175,10.55,7.842861,35000
2017-05-16,10.35,10.49,10.25,10.3,7.657011,11300
2017-05-17,10.25,10.3,10.0,10.05,7.47116,55000
2017-05-18,10.15,10.295,10.0,10.2,7.5826720000000005,9600
2017-05-19,10.25,10.3,10.1,10.25,7.619839999999999,11800
2017-05-22,10.0,10.55,10.0,10.45,7.76852,19300
2017-05-23,10.55,10.75,10.3,10.7,7.95437,22200
2017-05-24,10.7,10.75,10.55,10.65,7.917199,12000
2017-05-25,10.7,10.75,10.3,10.5,7.805689999999999,16500
2017-05-26,10.35,10.625,10.35,10.45,7.76852,6600
2017-05-30,10.4,10.7,10.35,10.5,7.805689999999999,9700
2017-05-31,10.55,10.8,10.35,10.4,7.731349000000001,41400
2017-06-01,10.45,10.55,10.35,10.35,7.6941809999999995,14800
2017-06-02,10.3,10.5,10.3,10.45,7.76852,37300
2017-06-05,10.45,10.5,10.25,10.4,7.731349000000001,26400
2017-06-06,10.3,10.45,10.3,10.35,7.6941809999999995,13400
2017-06-07,10.4,10.445,10.319,10.4,7.731349000000001,21600
2017-06-08,10.4,10.45,10.3,10.35,7.6941809999999995,14600
2017-06-09,10.35,10.5,10.15,10.4,7.731349000000001,39300
2017-06-12,10.3,10.559,10.3,10.4,7.731349000000001,25100
2017-06-13,10.35,10.795,10.35,10.45,7.76852,45900
2017-06-14,10.45,10.45,10.0,10.2,7.768521000000001,35800
2017-06-15,10.15,10.3,10.1,10.3,7.844684,18200
2017-06-16,10.35,10.4,10.2,10.2,7.768521000000001,11600
2017-06-19,10.2,10.45,10.2,10.25,7.806602000000001,28400
2017-06-20,10.45,10.45,10.15,10.3,7.844684,10500
2017-06-21,10.25,10.25,10.1,10.15,7.73044,8700
2017-06-22,10.15,10.25,10.0,10.25,7.806602000000001,21400
2017-06-23,10.25,10.25,10.05,10.1,7.692359,10500
2017-06-26,10.145,10.15,10.05,10.1,7.692359,10700
2017-06-27,10.05,10.2,10.05,10.15,7.73044,7600
2017-06-28,10.1,10.15,10.05,10.1,7.692359,16500
2017-06-29,10.05,10.15,10.0,10.05,7.654277,23200
2017-06-30,10.05,10.1,10.0,10.0,7.6161970000000005,25900
2017-07-03,10.0,10.15,10.0,10.15,7.73044,7300
2017-07-05,10.1,10.4,10.0,10.2,7.768521000000001,37600
2017-07-06,10.2,10.4,10.055,10.25,7.806602000000001,34800
2017-07-07,10.2,10.25,10.15,10.2,7.768521000000001,7200
2017-07-10,10.3,10.3,10.05,10.2,7.768521000000001,17200
2017-07-11,10.2,10.25,10.05,10.1,7.692359,12600
2017-07-12,10.1,10.15,10.1,10.15,7.73044,7200
2017-07-13,10.2,10.25,10.1,10.2,7.768521000000001,7400
2017-07-14,10.2,10.2,10.05,10.17,7.745672,5600
2017-07-17,10.2,10.25,10.1,10.1,7.692359,16700
2017-07-18,10.05,10.2,10.05,10.05,7.654277,13200
2017-07-19,10.05,10.15,10.05,10.15,7.73044,5900
2017-07-20,10.05,10.25,10.0,10.2,7.768521000000001,44100
2017-07-21,10.1,10.25,10.1,10.25,7.806602000000001,22900
2017-07-24,10.2,10.2,10.05,10.15,7.73044,27700
2017-07-25,10.1,10.35,10.0,10.25,7.806602000000001,69200
2017-07-26,10.25,10.3,10.1,10.1,7.692359,23200
2017-07-27,10.05,10.3,10.05,10.25,7.806602000000001,21600
2017-07-28,10.15,10.3,10.15,10.2,7.768521000000001,22600
2017-07-31,10.3,10.3,10.1,10.25,7.806602000000001,13800
2017-08-01,10.25,10.25,10.15,10.2,7.768521000000001,14900
2017-08-02,10.15,10.25,10.0,10.05,7.654277,20500
2017-08-03,10.0,10.2,9.95,10.175,7.74948,22400
2017-08-04,10.2,10.4,10.0,10.3,7.844684,31900
2017-08-07,10.15,10.4,10.15,10.3,7.844684,6800
2017-08-08,10.2,10.2,9.9,10.1,7.692359,14200
2017-08-09,10.05,10.055,9.905,10.045,7.650469,18000
2017-08-10,10.0,10.1,9.85,10.1,7.692359,24300
2017-08-11,9.6,10.2,9.0,10.15,7.73044,32600
2017-08-14,10.05,10.15,9.85,10.0,7.6161970000000005,19400
2017-08-15,10.0,10.2,9.9,9.95,7.5781149999999995,15500
2017-08-16,9.9,10.1,9.9,10.1,7.692359,11400
2017-08-17,10.05,10.05,9.9,10.0,7.6161970000000005,15800
2017-08-18,10.0,10.05,9.95,10.0,7.6161970000000005,14600
2017-08-21,9.9,10.05,9.8,10.0,7.6161970000000005,23200
2017-08-22,10.0,10.0,9.925,9.95,7.5781149999999995,7900
2017-08-23,10.0,10.05,9.85,9.95,7.5781149999999995,9900
2017-08-24,10.0,10.0,9.8,9.85,7.501954,13800
2017-08-25,9.85,10.0,9.8,10.0,7.6161970000000005,35200
2017-08-28,9.8,10.0,9.8,10.0,7.6161970000000005,20100
2017-08-29,9.9,10.0,9.85,9.95,7.5781149999999995,26800
2017-08-30,9.9,10.05,9.85,10.0,7.6161970000000005,10700
2017-08-31,9.95,10.05,9.85,9.9,7.5400350000000005,30800
2017-09-01,9.9,9.95,9.9,9.925,7.559075,30800
2017-09-05,9.95,9.95,9.89,9.95,7.5781149999999995,32500
2017-09-06,10.0,10.2,9.9,10.025,7.635236999999999,61700
2017-09-07,9.95,9.95,9.725,9.75,7.615710000000001,54300
2017-09-08,9.75,9.78,9.6,9.75,7.615710000000001,48700
2017-09-11,9.8,9.8,9.45,9.65,7.5376,68900
2017-09-12,9.6,9.716,9.6,9.6,7.498546000000001,23000
2017-09-13,9.45,9.7,9.45,9.6,7.498546000000001,57500
2017-09-14,9.65,9.7,9.55,9.7,7.576655000000001,11100
2017-09-15,9.65,9.9,9.65,9.7,7.576655000000001,23100
2017-09-18,9.55,9.79,9.55,9.65,7.5376,49200
2017-09-19,9.6,9.675,9.6,9.65,7.5376,31700
2017-09-20,9.55,9.65,9.55,9.59,7.490734,14400
2017-09-21,9.6,9.65,9.55,9.65,7.5376,21100
2017-09-22,9.6,9.65,9.55,9.55,7.459489,12600
2017-09-25,9.55,9.7,9.5,9.6,7.498546000000001,55900
2017-09-26,9.6,9.65,9.55,9.6,7.498546000000001,15300
2017-09-27,9.55,9.611,9.45,9.5,7.420435,50700
2017-09-28,9.0,9.545,9.0,9.25,7.225161,90700
2017-09-29,9.25,9.45,9.25,9.35,7.3032710000000005,28800
2017-10-02,9.421,9.5,9.31,9.5,7.420435,21700
2017-10-03,9.55,9.65,9.5,9.5,7.420435,17700
2017-10-04,9.5,9.795,9.45,9.65,7.5376,43800
2017-10-05,9.9,9.9,9.5,9.65,7.5376,32600
2017-10-06,9.65,9.7,9.455,9.6,7.498546000000001,10800
2017-10-09,9.6,9.6,9.5,9.55,7.459489,20700
2017-10-10,9.6,9.6,9.45,9.45,7.38138,65400
2017-10-11,9.55,9.595,9.4,9.475,7.400908,92500
2017-10-12,9.45,9.6,9.35,9.45,7.38138,12100
2017-10-13,9.6,9.6,9.45,9.55,7.459489,17900
2017-10-16,9.55,9.6,9.5,9.575,7.479017,13800
2017-10-17,9.5,9.55,9.34,9.45,7.38138,42000
2017-10-18,9.45,9.45,9.25,9.375,7.3227970000000004,15000
2017-10-19,9.4,9.5,9.35,9.45,7.38138,12100
2017-10-20,9.4,9.405,9.105,9.15,7.14705,45600
2017-10-23,9.15,9.25,9.1,9.205,7.190011,21200
2017-10-24,9.3,9.41,9.1,9.15,7.14705,22000
2017-10-25,9.15,9.35,8.9,9.1,7.107996000000001,42500
2017-10-26,9.1,9.1,8.65,8.8,6.873666,50900
2017-10-27,8.85,8.85,8.4,8.675,6.776028999999999,71400
2017-10-30,8.85,8.95,8.7,8.85,6.912721,22200
2017-10-31,8.75,8.9,8.75,8.75,6.834611,30900
2017-11-01,8.85,8.85,8.7,8.75,6.834611,23900
2017-11-02,8.7,8.75,8.65,8.65,6.756500999999999,22000
2017-11-03,8.625,8.65,8.55,8.65,6.756500999999999,15700
2017-11-06,8.55,8.7,8.5,8.6,6.717446000000001,32900
2017-11-07,8.55,8.645,8.5,8.5,6.639336999999999,12200
2017-11-08,8.4,8.825,8.4,8.75,6.834611,35900
2017-11-09,8.8,8.851,8.6,8.75,6.834611,21100
2017-11-10,8.65,8.75,8.5,8.7,6.7955559999999995,40500
2017-11-13,8.55,8.6,8.4,8.4,6.561226,31300
2017-11-14,8.35,8.65,8.0,8.25,6.444062000000001,57400
2017-11-15,8.3,8.3,8.05,8.3,6.483116000000001,62700
2017-11-16,8.25,8.5,8.15,8.45,6.600281,25400
2017-11-17,8.45,8.55,8.3,8.5,6.639336999999999,27600
2017-11-20,8.5,8.6,8.3,8.35,6.522173,23800
2017-11-21,8.5,8.5,8.2,8.25,6.444062000000001,26500
2017-11-22,8.2,8.4,8.2,8.3,6.483116000000001,9200
2017-11-24,8.35,8.4,8.25,8.35,6.522173,10200
2017-11-27,8.3,8.588,8.3,8.5,6.639336999999999,46200
2017-11-28,8.45,8.645,8.45,8.5,6.639336999999999,26600
2017-11-29,8.57,8.75,8.45,8.55,6.678391,47600
2017-11-30,8.55,8.6,8.45,8.6,6.717446000000001,32800
2017-12-01,8.6,8.8,8.3,8.75,6.834611,61600
2017-12-04,8.75,8.8,8.5,8.6,6.717446000000001,39100
2017-12-05,8.55,8.55,8.4,8.45,6.600281,37900
2017-12-06,8.4,8.6,8.4,8.4,6.561226,23900
2017-12-07,8.35,8.55,8.3,8.35,6.522173,36100
2017-12-08,8.25,8.45,8.25,8.35,6.522173,30300
2017-12-11,8.5,8.5,8.25,8.4,6.561226,35400
2017-12-12,8.45,8.45,8.25,8.3,6.483116000000001,47600
2017-12-13,8.3,8.545,8.15,8.35,6.522173,49600
2017-12-14,8.2,8.21,8.0,8.1,6.522172,73200
2017-12-15,8.05,8.2,7.95,8.05,6.481912,42000
2017-12-18,8.0,8.15,7.7,7.7,6.200089,113400
2017-12-19,7.7,7.99,7.4,7.75,6.24035,91900
2017-12-20,7.75,8.05,7.5,7.95,6.401391,58500
2017-12-21,7.9,8.1,7.9,8.1,6.522172,20700
2017-12-22,8.1,8.25,8.005,8.05,6.481912,23400
2017-12-26,8.05,8.15,8.0,8.15,6.562432,40300
2017-12-27,8.2,8.2,7.95,8.0,6.441651,35300
2017-12-28,8.0,8.175,7.9,7.9,6.361130999999999,43900
2017-12-29,7.9,8.2,7.9,8.15,6.562432,55500
2018-01-02,8.2,8.35,8.15,8.3,6.683213,24600
2018-01-03,8.35,8.45,8.2,8.45,6.803992999999999,47400
2018-01-04,8.5,8.55,8.3,8.4,6.763733,30000
2018-01-05,8.2,8.35,8.2,8.3,6.683213,26700
2018-01-08,8.35,8.35,8.005,8.3,6.683213,21700
2018-01-09,8.3,8.46,8.205,8.35,6.723474,33400
2018-01-10,8.4,8.4,8.25,8.275,6.663083,16800
2018-01-11,8.35,8.45,8.05,8.15,6.562432,32800
2018-01-12,8.2,8.3,8.1,8.25,6.642952999999999,29400
2018-01-16,8.25,8.3,8.155,8.3,6.683213,31200
2018-01-17,8.25,8.45,8.2,8.425,6.783864,32200
2018-01-18,8.45,8.45,8.25,8.35,6.723474,14700
2018-01-19,8.255,8.623,8.25,8.55,6.884514,62500
2018-01-22,8.5,8.65,8.45,8.55,6.884514,37400
2018-01-23,8.5,8.695,8.4,8.6,6.924775,18300
2018-01-24,8.575,8.6,8.5,8.55,6.884514,13900
2018-01-25,8.55,8.75,8.55,8.6,6.924775,20700
2018-01-26,8.6,8.625,8.5,8.55,6.884514,14900
2018-01-29,8.5,8.5,8.25,8.35,6.723474,35900
2018-01-30,8.25,8.3,8.1,8.2,6.602692,23100
2018-01-31,8.295,8.295,8.05,8.2,6.602692,37400
2018-02-01,8.1,8.245,8.0,8.05,6.481912,37100
2018-02-02,8.0,8.1,7.95,8.05,6.481912,17700
2018-02-05,7.95,8.0,7.85,7.85,6.320869999999999,31900
2018-02-06,7.75,8.09,7.55,7.8,6.280611,58000
2018-02-07,7.9,8.095,7.7,7.75,6.24035,23300
2018-02-08,7.85,8.2,7.85,8.2,6.602692,32900
2018-02-09,7.863,8.095,7.5,7.8,6.280611,112100
2018-02-12,7.85,7.9,7.605,7.75,6.24035,50000
2018-02-13,7.75,7.95,7.6,7.9,6.361130999999999,29100
2018-02-14,7.9,8.05,7.7,7.9,6.361130999999999,23600
2018-02-15,7.85,7.95,7.8,7.9,6.361130999999999,20500
2018-02-16,7.95,8.3,7.95,8.2,6.602692,24400
2018-02-20,8.2,8.3,8.1,8.15,6.562432,26800
2018-02-21,8.15,8.39,8.15,8.3,6.683213,21500
2018-02-22,8.25,8.3,8.155,8.2,6.602692,16100
2018-02-23,8.175,8.4,8.15,8.3,6.683213,18200
2018-02-26,8.45,8.45,8.289,8.35,6.723474,7200
2018-02-27,8.4,8.4,8.25,8.25,6.642952999999999,17600
2018-02-28,8.3,8.3,8.1,8.1,6.522172,13200
2018-03-01,8.15,8.3,8.15,8.3,6.683213,10200
2018-03-02,8.3,8.366,8.2,8.255,6.646978999999999,10900
2018-03-05,8.35,8.35,8.15,8.15,6.562432,13100
2018-03-06,8.3,8.35,8.2,8.3,6.683213,9300
2018-03-07,8.25,8.4,8.25,8.35,6.723474,23900
2018-03-08,8.376,8.5,8.35,8.44,6.795942,22100
2018-03-09,8.75,8.75,8.45,8.7,7.005294999999999,54100
2018-03-12,8.7,8.8,8.55,8.55,6.884514,43900
2018-03-13,8.6,8.65,8.5,8.5,6.844253999999999,13500
2018-03-14,8.65,8.65,8.5,8.525,6.864383999999999,25300
2018-03-15,8.35,8.35,8.055,8.15,6.760692999999999,18400
2018-03-16,8.05,8.145,8.05,8.05,6.677739,18500
2018-03-19,8.05,8.1,8.0,8.05,6.677739,17500
2018-03-20,8.05,8.6,8.05,8.35,6.9266,42900
2018-03-21,8.4,8.45,8.25,8.325,6.9058600000000006,12800
2018-03-22,8.35,8.35,8.0,8.05,6.677739,15100
2018-03-23,8.05,8.15,8.0,8.0,6.636261999999999,5600
2018-03-26,8.0,8.15,8.0,8.05,6.677739,9000
2018-03-27,8.05,8.15,8.0,8.1,6.719216,13200
2018-03-28,8.05,8.25,8.028,8.05,6.677739,25900
2018-03-29,8.05,8.25,8.05,8.2,6.802169,21400
2018-04-02,8.15,8.35,8.15,8.25,6.843646000000001,16300
2018-04-03,8.3,8.6,8.15,8.6,7.1339820000000005,22700
2018-04-04,8.6,8.75,8.3,8.6,7.1339820000000005,65700
2018-04-05,8.7,8.75,8.3,8.45,7.009552,31700
2018-04-06,8.4,8.5,8.2,8.2,6.802169,14000
2018-04-09,8.2,8.3,8.05,8.1,6.719216,25400
2018-04-10,8.105,8.3,8.1,8.2,6.802169,21700
2018-04-11,8.1,8.2,8.1,8.1,6.719216,6100
2018-04-12,8.15,8.2,8.05,8.15,6.760692999999999,13300
2018-04-13,8.1,8.2,7.56,8.0,6.636261999999999,53900
2018-04-16,8.05,8.1,7.9,8.0,6.636261999999999,14400
2018-04-17,8.0,8.109,8.0,8.05,6.677739,12900
2018-04-18,8.05,8.078,7.95,8.025,6.657000999999999,21500
2018-04-19,7.95,8.1,7.9,7.975,6.615524000000001,9200
2018-04-20,7.95,8.1,7.95,8.05,6.677739,13900
2018-04-23,8.05,8.05,7.95,8.0,6.636261999999999,12600
2018-04-24,8.05,8.1,8.025,8.05,6.677739,10500
2018-04-25,8.0,8.066,8.0,8.05,6.677739,7400
2018-04-26,8.0,8.058,7.95,8.0,6.636261999999999,16900
2018-04-27,7.95,7.99,7.75,7.95,6.594786,22100
2018-04-30,7.95,8.045,7.9,8.0,6.636261999999999,15900
2018-05-01,7.95,8.05,7.95,8.0,6.636261999999999,8200
2018-05-02,7.955,7.974,7.85,7.9,6.55331,28000
2018-05-03,7.858,7.925,7.8,7.9,6.55331,6100
2018-05-04,7.85,8.0,7.85,8.0,6.636261999999999,19000
2018-05-07,8.0,8.05,7.9,8.0,6.636261999999999,7400
2018-05-08,8.05,8.15,8.0,8.05,6.677739,21100
2018-05-09,8.1,8.65,8.055,8.55,7.092505,42900
2018-05-10,8.6,8.895,8.5,8.8,7.2998899999999995,59700
2018-05-11,8.8,8.9,8.6,8.9,7.382841,55000
2018-05-14,8.9,9.0,8.75,8.75,7.258412,19600
2018-05-15,8.8,8.8,8.65,8.75,7.258412,16000
2018-05-16,8.7,8.85,8.65,8.75,7.258412,14400
2018-05-17,8.75,8.8,8.65,8.7,7.2169360000000005,14800
2018-05-18,8.7,8.75,8.35,8.6,7.1339820000000005,67200
2018-05-21,9.0,9.49,9.0,9.3,7.714656,190700
2018-05-22,9.35,9.35,9.15,9.25,7.673178,49300
2018-05-23,9.2,9.4,9.15,9.35,7.756133,31300
2018-05-24,9.3,9.4,9.25,9.25,7.673178,33100
2018-05-25,9.25,9.4,9.0,9.25,7.673178,45400
2018-05-29,9.35,9.695,9.2,9.55,7.922038000000001,122600
2018-05-30,9.6,9.65,9.35,9.45,7.839085000000001,53200
2018-05-31,9.55,9.7,9.4,9.55,7.922038000000001,56400
2018-06-01,9.6,9.65,9.5,9.65,8.004992,41500
2018-06-04,9.3,9.4,8.95,9.25,7.673178,126000
2018-06-05,9.3,9.35,9.05,9.35,7.756133,68400
2018-06-06,9.35,9.4,9.15,9.3,7.714656,26800
2018-06-07,9.45,9.65,9.35,9.45,7.839085000000001,78000
2018-06-08,9.5,9.75,9.5,9.6,7.9635169999999995,97500
2018-06-11,9.55,9.9,9.55,9.875,8.191636,150500
2018-06-12,9.9,9.9,9.6,9.7,8.046467,49700
2018-06-13,9.85,9.85,9.7,9.8,8.129422,102100
2018-06-14,9.7,9.7,8.2,9.35,7.959173,109400
2018-06-15,9.15,9.45,9.15,9.2,7.831484,50100
2018-06-18,9.2,9.4,8.85,9.05,7.703798,107300
2018-06-19,9.05,9.05,8.85,8.95,7.618674,35000
2018-06-20,9.0,9.0,8.65,8.9,7.576109,48600
2018-06-21,8.919,9.045,8.9,8.95,7.618674,20400
2018-06-22,8.95,9.02,8.85,9.0,7.6612350000000005,12700
2018-06-25,9.0,9.0,8.8,8.9,7.576109,15900
2018-06-26,8.9,8.95,8.555,8.8,7.490986,48300
2018-06-27,8.85,8.95,8.655,8.95,7.618674,32200
2018-06-28,8.95,9.0,8.785,8.9,7.576109,16100
2018-06-29,8.95,8.95,8.85,8.9,7.576109,19600
2018-07-02,8.9,9.0,8.9,9.0,7.6612350000000005,37500
2018-07-03,9.0,9.35,8.9,9.35,7.959173,21000
2018-07-05,9.45,9.45,9.1,9.2,7.831484,15900
2018-07-06,8.95,9.1,8.95,9.0,7.6612350000000005,48600
2018-07-09,8.95,9.05,8.95,8.95,7.618674,12300
2018-07-10,9.0,9.0,8.86,8.95,7.618674,37000
2018-07-11,8.95,9.06,8.8,8.95,7.618674,19000
2018-07-12,8.9,8.95,8.8,8.85,7.533548,32700
2018-07-13,8.9,8.95,8.8,8.8,7.490986,23300
2018-07-16,8.85,8.95,8.8,8.85,7.533548,16900
2018-07-17,8.9,8.9,8.75,8.8,7.490986,51700
2018-07-18,8.8,8.885,8.7,8.81,7.499498,68200
2018-07-19,8.85,8.95,8.75,8.9,7.576109,20400
2018-07-20,8.9,8.9,8.75,8.875,7.554829,16400
2018-07-23,8.9,8.95,8.775,8.8,7.490986,24000
2018-07-24,8.9,8.904,8.75,8.9,7.576109,37000
2018-07-25,8.8,8.85,8.75,8.75,7.448423,18700
2018-07-26,8.75,8.9,8.75,8.85,7.533548,9200
2018-07-27,8.85,8.85,8.75,8.85,7.533548,11400
2018-07-30,8.8,8.85,8.795,8.8,7.490986,9400
2018-07-31,8.8,8.9,8.75,8.9,7.576109,26100
2018-08-01,8.8,8.9,8.8,8.85,7.533548,13300
2018-08-02,8.8,8.899,8.8,8.85,7.533548,6200
2018-08-03,8.85,8.95,8.85,8.882,7.5607880000000005,17100
2018-08-06,8.9,8.95,8.895,8.95,7.618674,14200
2018-08-07,9.0,9.1,8.95,9.1,7.746360000000001,12400
2018-08-08,9.1,9.145,8.95,9.0,7.6612350000000005,30300
2018-08-09,9.0,9.095,8.95,9.0,7.6612350000000005,8500
2018-08-10,9.05,9.1,9.0,9.1,7.746360000000001,12400
2018-08-13,9.1,9.1,8.96,9.05,7.703798,21400
2018-08-14,9.0,9.05,8.95,8.95,7.618674,15000
2018-08-15,9.0,9.045,8.96,9.0,7.6612350000000005,12800
2018-08-16,9.05,9.2,9.05,9.2,7.831484,50300
2018-08-17,9.15,9.2,9.11,9.15,7.788922,21900
2018-08-20,9.2,9.2,9.1,9.1,7.746360000000001,23200
2018-08-21,9.1,9.2,9.1,9.175,7.810203,10400
2018-08-22,9.15,9.2,9.1,9.2,7.831484,19800
2018-08-23,9.15,9.2,9.1,9.1,7.746360000000001,17100
2018-08-24,9.05,9.15,8.983,9.1,7.746360000000001,32600
2018-08-27,9.15,9.2,9.0,9.2,7.831484,26700
2018-08-28,9.2,9.2,9.05,9.125,7.767641,21000
2018-08-29,9.1,9.15,9.05,9.135,7.776153999999999,21500
2018-08-30,9.15,9.2,9.1,9.175,7.810203,12900
2018-08-31,9.2,9.2,9.1,9.2,7.831484,14100
2018-09-04,9.2,9.4,9.15,9.4,8.001733999999999,42500
2018-09-05,9.45,9.6,9.3,9.3,7.91661,61100
2018-09-06,9.4,9.405,9.3,9.35,7.959173,27100
2018-09-07,9.3,9.35,9.2,9.25,7.874046000000001,26600
2018-09-10,9.15,9.3,9.15,9.2,7.831484,44900
2018-09-11,9.3,9.3,9.15,9.2,7.831484,29000
2018-09-12,9.15,9.25,9.1,9.1,7.746360000000001,46900
2018-09-13,9.2,9.2,9.1,9.2,7.831484,26100
2018-09-14,9.25,9.35,9.2,9.35,7.959173,47900
2018-09-17,8.95,9.145,8.95,9.1,7.959173,30500
2018-09-18,9.05,9.15,8.855,8.9,7.784244999999999,43400
2018-09-19,8.9,9.05,8.9,8.95,7.827977000000001,20200
2018-09-20,9.0,9.05,8.95,9.0,7.871709,18500
2018-09-21,9.0,9.0,8.85,8.85,7.740514,13700
2018-09-24,8.9,9.0,8.85,8.9,7.784244999999999,17800
2018-09-25,8.9,8.916,8.8,8.85,7.740514,20600
2018-09-26,8.872,8.895,8.8,8.846,7.7370149999999995,7600
2018-09-27,8.8,8.85,8.7,8.75,7.65305,26100
2018-09-28,8.7,8.8,8.59,8.6,7.521855,25300
2018-10-01,8.6,8.6,8.5,8.58,7.504363000000001,25700
2018-10-02,8.54,8.65,8.54,8.55,7.478124,17900
2018-10-03,8.59,8.77,8.59,8.72,7.626811999999999,14700
2018-10-04,8.66,8.8,8.59,8.77,7.6705429999999994,28200
2018-10-05,8.71,8.8,8.67,8.67,7.583079,20800
2018-10-08,8.65,8.75,8.65,8.65,7.565587,15000
2018-10-09,8.65,8.744,8.65,8.74,7.644303,21200
2018-10-10,8.73,8.74,8.61,8.64,7.556841,13500
2018-10-11,8.6,8.698,8.45,8.5,7.434392,22500
2018-10-12,8.5,8.6,8.45,8.45,7.3906600000000005,20100
2018-10-15,8.5,8.624,8.32,8.46,7.399406,10200
2018-10-16,8.54,8.57,8.5,8.5,7.434392,9200
2018-10-17,8.48,8.491,8.41,8.42,7.364421000000001,14300
2018-10-18,8.4,8.4,8.18,8.35,7.303196000000001,25800
2018-10-19,8.33,8.392,8.25,8.25,7.215733999999999,14800
2018-10-22,8.25,8.294,8.17,8.21,7.1807479999999995,9100
2018-10-23,8.15,8.26,8.1,8.145,7.123897,11500
2018-10-24,8.19,8.22,7.832,7.95,6.953342,18800
2018-10-25,7.95,8.1,7.95,7.99,6.988328,33100
2018-10-26,8.02,8.04,7.9,7.93,6.93585,14100
2018-10-29,7.89,8.1,7.86,7.9,6.909611,13300
2018-10-30,7.9,7.99,7.75,7.9,6.909611,31200
2018-10-31,7.86,8.09,7.86,7.97,6.970835000000001,23300
2018-11-01,7.95,8.099,7.95,8.0,6.997075,13900
2018-11-02,8.01,8.01,7.95,7.99,6.988328,3900
2018-11-05,7.99,8.176,7.99,8.075,7.062672,11000
2018-11-06,8.11,8.2,8.0,8.0,6.997075,14600
2018-11-07,8.04,8.24,8.02,8.14,7.119524,29800
2018-11-08,8.0,8.249,8.0,8.11,7.093284,21600
2018-11-09,8.11,8.21,8.11,8.135,7.11515,9300
2018-11-12,8.14,8.15,8.05,8.12,7.102031,16300
2018-11-13,8.1,8.233,8.08,8.1,7.084538,12200
2018-11-14,8.1,8.2,8.0,8.15,7.128269,22200
2018-11-15,8.15,8.15,8.02,8.08,7.067044999999999,14100
2018-11-16,8.04,8.21,7.95,8.14,7.119524,16000
2018-11-19,8.17,8.17,7.98,8.03,7.023314,11500
2018-11-20,8.02,8.129,7.95,7.98,6.979582000000001,16600
2018-11-21,8.13,8.15,7.96,7.96,6.962089,16600
2018-11-23,7.9,8.08,7.86,7.87,6.8833720000000005,13900
2018-11-26,8.0,8.032,7.85,7.86,6.874625999999999,16500
2018-11-27,7.86,7.889,7.75,7.78,6.804655,24600
2018-11-28,7.87,7.885,7.75,7.75,6.778416,26500
2018-11-29,7.75,7.886,7.75,7.76,6.7871619999999995,14200
2018-11-30,7.75,8.1,7.7,8.1,7.084538,45500
2018-12-03,8.1,8.1,7.73,7.995,6.992702,16100
2018-12-04,7.97,7.99,7.75,7.94,6.944597,22600
2018-12-06,7.78,7.955,7.78,7.8,6.822147999999999,31400
2018-12-07,7.79,7.939,7.77,7.78,6.804655,9200
2018-12-10,7.95,7.98,7.82,7.89,6.900865,42600
2018-12-11,7.95,8.0,7.91,7.915,6.922731,24700
2018-12-12,7.93,7.94,7.78,7.9,6.909611,43900
2018-12-13,7.74,7.74,7.42,7.52,6.792192999999999,31600
2018-12-14,7.53,7.6,7.35,7.4,6.683807000000001,25000
2018-12-17,7.4,7.4,6.8,6.8,6.141877,118400
2018-12-18,6.8,6.93,6.458,6.5,5.870912000000001,94400
2018-12-19,6.6,6.6,6.37,6.37,5.753493,52600
2018-12-20,6.34,6.475,5.94,6.02,5.437367,59600
2018-12-21,6.0,6.14,5.88,5.9,5.328981,53700
2018-12-24,5.74,6.07,5.66,5.97,5.392206,81300
2018-12-26,6.02,6.306,6.0,6.19,5.590914,39900
2018-12-27,6.23,6.38,5.58,6.15,5.554786,53000
2018-12-28,6.24,6.696,6.24,6.34,5.726397,32800
2018-12-31,6.36,6.58,6.092,6.25,5.645107,54800
2019-01-02,6.09,6.4,5.823,6.21,5.608979,52800
2019-01-03,6.35,6.35,6.15,6.22,5.618011,26100
2019-01-04,6.26,6.7,6.21,6.7,6.0515550000000005,38600
2019-01-07,6.7,7.15,6.7,7.15,6.458003,22500
2019-01-08,7.15,7.35,7.15,7.26,6.5573559999999995,16000
2019-01-09,7.3,7.35,7.2,7.2,6.503163,32000
2019-01-10,7.21,7.21,6.96,6.99,6.3134879999999995,16100
2019-01-11,6.95,6.95,6.71,6.77,6.1147800000000005,29500
2019-01-14,6.7,6.9,6.6,6.7,6.0515550000000005,24700
2019-01-15,6.77,7.004,6.737,6.95,6.277359,49000
2019-01-16,6.96,7.1,6.96,7.03,6.349616999999999,13300
2019-01-17,7.03,7.17,7.03,7.13,6.439938,26400
2019-01-18,7.2,7.34,7.12,7.13,6.439938,17600
2019-01-22,7.08,7.14,7.05,7.14,6.44897,11900
2019-01-23,7.14,7.3,7.1,7.3,6.593485,16700
2019-01-24,7.3,7.3,7.082,7.25,6.548325,9200
2019-01-25,7.32,7.4,7.25,7.34,6.629614,19100
2019-01-28,7.36,7.43,7.27,7.42,6.701871000000001,16700
2019-01-29,7.35,7.48,7.3,7.4,6.683807000000001,17200
2019-01-30,7.44,7.7,7.38,7.7,6.954772,35100
2019-01-31,7.7,7.7,7.463,7.66,6.918642999999999,32400
2019-02-01,7.65,8.18,7.46,8.15,7.361219999999999,61100
2019-02-04,8.15,8.15,7.935,8.07,7.288962,20500
2019-02-05,8.08,8.14,7.905,8.0,7.225737,78200
2019-02-06,8.05,8.05,7.911,7.97,7.198639999999999,51900
2019-02-07,7.97,8.07,7.71,7.78,7.02703,69200
2019-02-08,7.81,7.98,7.77,7.87,7.108319,6000
2019-02-11,7.76,7.9,7.74,7.74,6.990900999999999,29600
2019-02-12,7.77,7.89,7.76,7.8,7.045094000000001,14400
2019-02-13,7.85,7.85,7.76,7.76,7.008964999999999,25400
2019-02-14,7.8,7.851,7.8,7.83,7.072189999999999,23600
2019-02-15,7.84,7.861,7.8,7.82,7.0631580000000005,30700
2019-02-19,7.8,7.85,7.8,7.85,7.090253999999999,51100
2019-02-20,7.86,7.86,7.7,7.8,7.045094000000001,30600
2019-02-21,7.76,7.807,7.68,7.7,6.954772,15800
2019-02-22,7.7,8.1,7.7,7.95,7.180575999999999,212500
2019-02-25,8.0,8.0,7.77,7.97,7.198639999999999,79000
2019-02-26,8.0,8.12,7.85,7.94,7.171545,82100
2019-02-27,7.96,7.99,7.85,7.9,7.135416,29700
2019-02-28,8.01,8.01,7.86,7.95,7.180575999999999,36000
2019-03-01,8.04,8.054,7.86,7.92,7.15348,37700
2019-03-04,7.89,7.932,7.8,7.8,7.045094000000001,33800
2019-03-05,7.86,7.95,7.735,7.79,7.036061,32800
2019-03-06,7.793,7.815,7.76,7.78,7.02703,11500
2019-03-07,7.74,7.935,7.73,7.75,6.999933,35000
2019-03-08,7.82,7.82,7.71,7.75,6.999933,14300
2019-03-11,7.82,7.95,7.82,7.85,7.090253999999999,50700
2019-03-12,8.0,8.12,7.899,8.09,7.307027000000001,59400
2019-03-13,8.11,8.125,7.98,8.05,7.270898,85200
2019-03-14,7.81,7.889,7.705,7.8,7.270898,31400
2019-03-15,7.84,7.84,7.68,7.7,7.177681,28000
2019-03-18,7.66,7.7,7.58,7.6,7.084465,40800
2019-03-19,7.61,7.735,7.58,7.69,7.168360000000001,34600
2019-03-20,7.64,7.74,7.54,7.6,7.084465,22500
2019-03-21,7.55,7.629,7.503,7.56,7.047178,45800
2019-03-22,7.5,7.5,7.371,7.41,6.907353,12800
2019-03-25,7.4,7.52,7.4,7.51,7.00057,14800
2019-03-26,7.54,7.66,7.456,7.58,7.065822,28000
2019-03-27,7.6,7.6,7.51,7.55,7.037857000000001,11800
2019-03-28,7.44,7.58,7.44,7.5,6.991249000000001,26700
2019-03-29,7.56,7.62,7.38,7.38,6.879389,26200
2019-04-01,7.47,7.507,7.15,7.15,6.6649899999999995,72400
2019-04-02,7.2,7.38,7.2,7.29,6.795494000000001,27800
2019-04-03,7.34,7.45,7.22,7.33,6.8327800000000005,47700
2019-04-04,7.41,7.5,7.36,7.36,6.860745,38500
2019-04-05,7.37,7.463,7.32,7.35,6.851423,31400
2019-04-08,7.42,7.452,7.28,7.28,6.7861720000000005,140900
2019-04-09,7.29,7.36,7.26,7.3,6.804815,44500
2019-04-10,7.29,7.34,7.25,7.31,6.814137,63200
2019-04-11,7.31,7.458,7.27,7.27,6.77685,53200
2019-04-12,7.28,7.39,7.28,7.35,6.851423,20900
2019-04-15,7.32,7.39,7.22,7.35,6.851423,243500
2019-04-16,7.36,7.375,7.2,7.35,6.851423,236800
2019-04-17,7.35,7.35,7.27,7.35,6.851423,15000
2019-04-18,7.4,7.487,7.3,7.3,6.804815,27200
2019-04-22,7.34,7.36,7.29,7.29,6.795494000000001,40800
2019-04-23,7.42,7.42,7.25,7.25,6.7582070000000005,36900
2019-04-24,7.282,7.34,7.24,7.24,6.7488850000000005,77300
2019-04-25,7.25,7.25,7.16,7.197,6.708802,65000
2019-04-26,7.23,7.29,7.16,7.2,6.7115979999999995,56400
2019-04-29,7.24,7.38,7.18,7.2,6.7115979999999995,62400
2019-04-30,7.2,7.335,7.16,7.19,6.7022770000000005,52500
2019-05-01,7.23,7.23,7.11,7.19,6.7022770000000005,123100
2019-05-02,7.2,7.417,7.0,7.05,6.5717740000000004,60700
2019-05-03,7.291,7.291,7.12,7.12,6.637025,24900
2019-05-06,7.12,7.35,7.12,7.28,6.7861720000000005,44200
2019-05-07,7.27,7.35,7.25,7.28,6.7861720000000005,48300
2019-05-08,7.29,7.377,7.21,7.29,6.795494000000001,62000
2019-05-09,7.42,7.42,7.253,7.34,6.842102000000001,47900
2019-05-10,7.33,7.33,7.15,7.29,6.795494000000001,37000
2019-05-13,7.29,7.43,7.21,7.3,6.804815,58700
2019-05-14,7.36,7.44,7.32,7.36,6.860745,33100
2019-05-15,7.41,7.42,7.348,7.39,6.8887100000000006,37700
2019-05-16,7.41,7.47,7.3,7.4,6.898032000000001,58800
2019-05-17,7.354,7.48,7.354,7.38,6.879389,28400
2019-05-20,7.4,7.554,7.375,7.46,6.953962,73500
2019-05-21,7.51,7.585,7.47,7.5,6.991249000000001,32200
2019-05-22,7.49,7.525,7.46,7.5,6.991249000000001,13600
2019-05-23,7.49,7.51,7.4,7.41,6.907353,24000
2019-05-24,7.5,7.53,7.431,7.49,6.981926,8600
2019-05-28,7.49,7.497,7.418,7.44,6.935318,15400
2019-05-29,7.38,7.51,7.27,7.31,6.814137,53400
2019-05-30,7.44,7.44,7.29,7.32,6.823459,40800
2019-05-31,7.3,7.33,7.11,7.21,6.72092,44600
2019-06-03,7.27,7.571,7.17,7.21,6.72092,33700
2019-06-04,7.25,7.29,7.19,7.27,6.77685,35900
2019-06-05,7.3,7.315,7.2,7.24,6.7488850000000005,26900
2019-06-06,7.25,7.363,7.2,7.31,6.814137,38900
2019-06-07,7.28,7.58,7.28,7.5,6.991249000000001,85800
2019-06-10,7.5,7.56,7.4,7.4,6.898032000000001,26500
2019-06-11,7.44,7.49,7.25,7.42,6.916675,61600
2019-06-12,7.48,7.48,7.32,7.41,6.907353,63300
2019-06-13,7.26,7.59,7.051,7.41,7.148532,89000
2019-06-14,7.36,7.7,7.05,7.12,6.868765,82700
2019-06-17,7.15,7.2,6.9,7.1,6.849471,44700
2019-06-18,7.0,7.2,6.81,7.17,6.917000999999999,110500
2019-06-19,7.25,7.5,7.12,7.25,6.994178,73200
2019-06-20,7.34,7.34,7.121,7.24,6.98453,29300
2019-06-21,7.3,7.3,7.21,7.21,6.955589,22800
2019-06-24,7.23,7.29,7.12,7.19,6.936294999999999,51400
2019-06-25,7.2,7.27,7.12,7.145,6.892883,33500
2019-06-26,7.13,7.25,7.05,7.09,6.839824,32700
2019-06-27,7.5,7.68,7.45,7.61,7.341475,164400
2019-06-28,7.6,7.7,7.6,7.61,7.341475,54800
2019-07-01,7.64,7.64,7.3,7.6,7.331828,18800
2019-07-02,7.41,7.55,7.41,7.43,7.167826,15400
2019-07-03,7.44,7.599,7.361,7.4,7.138885,38400
2019-07-05,7.53,7.59,7.36,7.36,7.100296000000001,29600
2019-07-08,7.34,7.587,7.32,7.51,7.245004,13400
2019-07-09,7.5,7.57,7.49,7.53,7.264297999999999,21100
2019-07-10,7.61,7.7,7.59,7.65,7.380064,19600
2019-07-11,7.65,7.65,7.43,7.5,7.2353559999999995,15700
2019-07-12,7.5,7.6,7.5,7.52,7.254650999999999,6400
2019-07-15,7.52,7.559,7.49,7.5,7.2353559999999995,16100
2019-07-16,7.48,7.5,7.44,7.44,7.177474,9000
2019-07-17,7.43,7.49,7.42,7.49,7.225708999999999,14800
2019-07-18,7.47,7.481,7.42,7.42,7.158179,19400
2019-07-19,7.42,7.45,7.29,7.36,7.100296000000001,15500
2019-07-22,7.3,7.4,7.3,7.3,7.042414,9300
2019-07-23,7.31,7.35,7.31,7.35,7.090649000000001,107300
2019-07-24,7.32,7.39,7.3,7.37,7.1099429999999995,21700
2019-07-25,7.31,7.33,7.3,7.32,7.061708,3300
2019-07-26,7.347,7.38,7.28,7.31,7.052061,9900
2019-07-29,7.31,7.4,7.3,7.4,7.138885,18000
2019-07-30,7.363,7.45,7.351,7.42,7.158179,28100
2019-07-31,7.4,7.43,7.25,7.35,7.090649000000001,20800
2019-08-01,7.3,7.38,7.29,7.305,7.047237,8700
2019-08-02,7.324,7.4,7.267,7.4,7.138885,19700
2019-08-05,7.28,7.366,7.16,7.18,6.926647999999999,22400
2019-08-06,7.22,7.34,7.16,7.18,6.926647999999999,20100
2019-08-07,7.16,7.3,7.16,7.26,7.003825,13900
2019-08-08,7.26,7.344,7.16,7.283,7.026013000000001,10100
2019-08-09,7.344,7.344,7.22,7.245,6.989354,19300
2019-08-12,7.257,7.257,7.19,7.215,6.960413000000001,11200
2019-08-13,7.32,7.32,7.2,7.26,7.003825,13400
2019-08-14,7.326,7.326,7.18,7.19,6.936294999999999,15900
2019-08-15,7.2,7.315,7.13,7.14,6.888058999999999,19800
2019-08-16,7.118,7.174,7.118,7.12,6.868765,17700
2019-08-19,7.16,7.255,7.04,7.06,6.810882,58200
2019-08-20,7.07,7.3,7.06,7.13,6.878412,21300
2019-08-21,7.25,7.28,7.195,7.235,6.979707,8600
2019-08-22,7.19,7.25,7.123,7.25,6.994178,15300
2019-08-23,7.25,7.25,7.06,7.07,6.820529,18300
2019-08-26,7.1,7.124,7.06,7.09,6.839824,18200
2019-08-27,7.09,7.204,7.06,7.06,6.810882,16300
2019-08-28,7.05,7.09,7.04,7.07,6.820529,18100
2019-08-29,7.05,7.35,7.0,7.24,6.98453,32300
2019-08-30,7.19,7.205,7.01,7.03,6.781941000000001,21900
2019-09-03,7.0,7.0,6.9,6.99,6.743352000000001,22100
2019-09-04,6.99,7.05,6.95,6.98,6.7337050000000005,20600
2019-09-05,6.962,7.15,6.962,6.99,6.743352000000001,19200
2019-09-06,7.01,7.079,6.99,7.01,6.762647,19300
2019-09-09,7.0,7.001,6.96,6.97,6.724058,21500
2019-09-10,6.96,6.96,6.748,6.85,6.608292,62100
2019-09-11,6.84,7.01,6.8,6.885,6.642057,60300
2019-09-12,6.86,6.925,6.71,6.8,6.5600570000000005,52900
2019-09-13,6.8,6.998,6.76,6.8,6.5600570000000005,47300
2019-09-16,6.8,6.82,6.7,6.74,6.502173,49200
2019-09-17,6.89,6.89,6.73,6.75,6.511821,15400
2019-09-18,6.75,6.79,6.65,6.7,6.463585,29700
2019-09-19,6.66,6.83,6.66,6.77,6.531115,41200
2019-09-20,6.75,6.888,6.75,6.76,6.521468,23200
2019-09-23,6.8,6.87,6.76,6.85,6.608292,38400
2019-09-24,6.872,7.17,6.81,7.085,6.835,54600
2019-09-25,6.8,6.872,6.63,6.8,6.8,41900
2019-09-26,6.65,6.87,6.65,6.87,6.87,27800
2019-09-27,6.67,6.824,6.66,6.68,6.68,38200
2019-09-30,6.65,6.771,6.65,6.65,6.65,25900
2019-10-01,6.65,6.705,6.49,6.58,6.58,32800
2019-10-02,6.57,6.74,6.44,6.47,6.47,31000
2019-10-03,6.48,6.53,6.48,6.5,6.5,24000
2019-10-04,6.5,6.61,6.49,6.541,6.541,16600
2019-10-07,6.45,6.53,6.45,6.48,6.48,35900
2019-10-08,6.48,6.542,6.48,6.53,6.53,13800
2019-10-09,6.461,6.52,6.461,6.5,6.5,20300
2019-10-10,6.5,6.588,6.46,6.5,6.5,18300
2019-10-11,6.5,6.55,6.45,6.5,6.5,32500
2019-10-14,6.46,6.544,6.41,6.445,6.445,14200
2019-10-15,6.45,6.6,6.37,6.53,6.53,46600
2019-10-16,6.56,6.6,6.49,6.5,6.5,29400
2019-10-17,6.46,6.787,6.4,6.72,6.72,39300
2019-10-18,6.75,6.769,6.63,6.64,6.64,14000
